country,country_code,col_belgium,col_britain,col_france,col_germany,col_italy,col_netherlands,col_portugal,col_spain,colstart_belgium,colstart_britain,colstart_france,colstart_germany,colstart_italy,colstart_netherlands,colstart_portugal,colstart_spain,first,colend_belgium,colend_britain,colend_france,colend_germany,colend_italy,colend_netherlands,colend_portugal,colend_spain,last,time_belgium,time_britain,time_france,time_germany,time_italy,time_netherlands,time_portugal,time_spain,main,max,time_indep_interim,simultaneous_time,time_total,year_independence,ncolonizers,efw_france,efw_portugal,efw_britain,efw_spain,efw_belgium,efw_italy,efw_netherlands,efw_germany,efw_colonizer,timec_total,hiel_indep,indep_from,main_indep,avg_efw,Area1,Area2,Area3,Area4,Area5,std,efw_std,Area1_std,Area2_std,Area3_std,Area4_std,Area5_std,std_std,Year,wb_region,efw_2019,Area1_2019,Area2_2019,Area3_2019,Area4_2019,Area5_2019,std_2019,efw_indep_year,efw_indep,efw_indep2_year,efw_indep2,efw_indep3_year,efw_indep3,efw_indep4_year,efw_indep4,efw_indep5_year,efw_indep5,ruggedness,legor_uk,legor_fr,legor_so,legor_ge,legor_sc,avg_ethnofrac,euro_share,lat,lon,africa,catho80,muslim80,lat_abst,f_french,f_spain,f_pothco,rich4,temp1,temp2,temp3,temp4,temp5,humid1,humid2,humid3,humid4,steplow,deslow,stepmid,desmid,drystep,hiland,drywint,avexpr,f_dutch,f_belg,f_italy,f_germ,logpgp95,landlock,goldm,iron,silv,zinc,oilres,logem4,america,ex2col,asia,lpd1500s,lland15,notmcp80,lpd1000s,lpa1500,coal,island,time_indep,centuries,multiple,long_colonizer,colonizer,late,diff,miss,continent,region,_est_est1,constant,touse
Angola,AGO,0,0,0,0,0,0,1,0,,,,,,,1576,,1576,,,,,,,1974,,1974,0,0,0,0,0,0,398,0,Portugal,398,0,0,398,1974,1,,792.7413055643553,,,,,,,6.341930444514842,125,6.898178008967081,Portugal,1,5.044845547568029,6.455314060607048,3.372074287023391,5.169245448219576,5.005348615799188,5.216860548250521,1.386129040340026,.430843687261119,1.178039691529167,.1468641030502609,1.503356498043731,.8835680651956046,.4508517495834675,.4077833202006137,2019,Sub-Saharan Africa,5.550608108108108,8.052308382676788,3.6679911455691,4.667935834545004,5.406168254186712,5.975077621785664,1.641862084194692,,,,,,,2005,4.214590452408931,2014,5.071418918918919,85.8,0,1,0,0,0,.772755,.002,-12.5,18.5,1,68.699997,0,.13666667,0,0,1,0,26,28,37,14,21,77,84,74,78,1,1,0,0,0,0,0,5.3636365,0,0,0,0,7.7706451,0,0,0,0,0,146000,5.6347895,0,1,0,.4054651,14.036011,11.500004,-.29035226,14.441476,0,0,26,3.98,0,Portugal,Portugal,0,,,Africa,Africa,1,1,1
United Arab Emirates,ARE,0,1,0,0,0,0,0,0,,1892,,,,,,,1892,,1971,,,,,,,1971,0,79,0,0,0,0,0,0,Britain,79,0,0,79,1971,1,,,619.191420339381,,,,,,7.739892754242263,80,7.808239607448191,Britain,1,7.156774734760059,6.265042624851025,4.788394006217859,8.4542795484652,8.44194773110053,7.833782457420924,1.651423121518788,.113212952313182,.6566833215028685,.3060159163052131,.4629620819810891,.1003635867467333,.358442032302729,.1277894561964148,2019,Middle East & North Africa,7.280095108695653,5.405961124593038,5.945313903769855,9.074053495938413,8.475040779134538,7.506247803356747,1.580453922405936,,,1985,6.447160755364564,1995,7.011978056329831,2001,6.962193587469268,2011,7.310054347826089,76.90000000000001,1,0,0,0,0,,,24,54,0,,,,,,,,,,,,,,,,,,,,,,,,,,,,,,,,,,,,,0,,1,,,,,,,0,29,.79000002,0,Britain,Britain,0,,1,Asia,Asia,1,1,1
Argentina,ARG,0,0,0,0,0,0,0,1,,,,,,,,1565,1565,,,,,,,,1818,1818,0,0,0,0,0,0,0,253,Spain,253,0,0,253,1818,1,,,,,,,,,,0,,,,5.941295822852244,6.865871098360609,4.510847406507699,6.640603232801911,5.815482980681814,5.888499534518256,1.170255222943919,.5944982846444938,.8092908691130318,.1994860106377277,1.346363253552145,1.376791907567773,.2714855217683245,.3577410606497047,2019,Latin America & the Caribbean,5.438831967213115,6.547786764137158,4.79754538527574,3.880438507311902,5.96623195245658,5.993349194484699,1.078800720840676,,,,,,,,,,,77.5,0,1,0,0,0,.1769318,.147,-34,-64,0,91.599998,.2,.37777779,0,1,0,0,17,25,40,-6,6,81,92,60,79,1,0,0,1,0,0,0,6.3863635,0,0,0,0,9.1334591,0,0,0,0,0,46900,4.232656,1,1,0,-2.210722,14.82226,5.5000014,-2.6161871,12.611538,1,0,182,2.53,0,Spain,Spain,0,,,America,America,0,1,0
Australia,AUS,0,1,0,0,0,0,0,0,,1798,,,,,,,1798,,1904,,,,,,,1904,0,106,0,0,0,0,0,0,Britain,106,0,0,106,1904,1,,,449.9792899226611,,,,,,8.181441634957475,55,8.366822860640063,Britain,1,8.164049099905252,6.834044771718998,8.371520217070906,9.493864642853584,7.638818572432951,8.47365396779842,1.004237638028817,.0680317389520323,.1843521417185084,.1315000929787135,.09791372967733,.1722523681841539,.2011209066329777,.07196715601113,2019,East Asia & Pacific,8.16983850931677,6.537758255047746,8.29703632586166,9.554928021776458,7.95256274599187,8.521942118174504,1.091956809742029,,,,,,,,,1950,6.473794051554846,14.3,1,0,0,0,0,.1127971,.62,-27,133,0,29.6,.2,.30000001,0,0,0,1,17,18,43,-10,3,56,85,35,64,1,1,0,0,0,0,0,9.318182,0,0,0,0,9.8979721,0,3,16,9,12,99100,2.1459312,0,1,0,-3.6483569,15.854429,46.700001,-3.6483569,12.206073,1,1,96,1.0599999,0,Britain,Britain,0,,1,Oceania,Oceania,1,1,1
Burundi,BDI,1,0,0,1,0,0,0,0,1922,,,1894,,,,,1894,1962,,,1922,,,,,1962,40,0,0,28,0,0,0,0,Belgium,40,0,0,68,1962,2,,,,,306.0222872443039,,,203.5737554294668,7.279943466768152,70,8.55376417390816,Belgium,1,5.47295692241637,5.707774547201667,3.345605069363232,7.3782718622624,4.522126337908563,6.386274037206071,1.741172544335454,.3940236088977723,.9779248519263204,.2611611518856546,.887388254209174,1.080536716412191,.6743547226075365,.2929925071203967,2019,Sub-Saharan Africa,5.67,6.349889737147991,4.097339389235265,8.771317034520663,2.703233788791747,6.414750026896133,2.34040578031678,,,1975,4.48027012521369,1985,5.108930250719864,1995,4.489088823039421,2002,5.194316725332618,178,0,1,0,0,0,.0133333,.002,-3.5,30,1,78.300003,.89999998,.036666665,0,0,0,0,24,28,31,17,20,55,82,55,82,0,0,0,0,0,0,0,,0,0,0,1,6.5652652,0,0,0,0,0,0,5.6347895,0,1,0,3.2188759,10.153468,15.899997,2.4849067,13.372344,0,0,38,.68000001,1,Belgium,Germany,0,,,Africa,Africa,1,1,1
Benin,BEN,0,0,1,0,0,0,0,0,,,1873,,,,,,1873,,,1960,,,,,,1960,0,0,87,0,0,0,0,0,France,87,0,0,87,1960,1,635.5530779965413,,,,,,,,7.222194068142515,88,7.81686086670639,France,1,6.036574415420792,7.515345923570621,3.732141245078326,6.883932961556843,5.684654557912976,6.364282757290225,1.474378946473231,.2302955365622479,.3376714996168735,.7169054901935255,.2695032214966039,.2526913224335877,.4147127325319493,.320329029831982,2019,Sub-Saharan Africa,6.659769938650307,7.96348694184917,4.575196430536931,7.323791089812569,6.180879678073333,7.240734545267787,1.32786115639934,,,1970,4.886039956588258,1980,4.603317030528781,1990,5.626046464891439,2000,5.900032818623324,14.1,0,1,0,0,0,.6831192,,9.5,2.25,1,18.5,15.2,.10333334,1,0,0,0,27,31,35,18,22,83,91,68,78,1,0,0,0,0,0,0,,0,0,0,0,7.0900769,0,0,0,0,0,3930,5.5854492,0,1,0,1.442202,11.613856,63.5,.99028438,13.056058,0,0,40,.87,0,France,France,0,,,Africa,Africa,1,1,1
Burkina Faso,BFA,0,0,1,0,0,0,0,0,,,1895,,,,,,1895,,,1960,,,,,,1960,0,0,65,0,0,0,0,0,France,65,0,0,65,1960,1,462.0952740175105,,,,,,,,7.001443545719855,66,7.81686086670639,France,1,5.858535967511441,5.832245938288593,4.009546419047024,6.798766927805976,5.893508174009119,6.794329646498078,1.165041816734832,.1973611036057583,.4931299319662141,.1111602540562456,.1609982300817517,.3105343846868865,.3165150063420766,.0835044270035192,2019,Sub-Saharan Africa,6.249837662337662,7.095555812065422,4.054143740986224,6.712206924201246,6.306658338661081,7.057459111682733,1.265451500089681,,,,,,,,,2005,5.627285612282417,23.6,0,1,0,0,0,.5467181,,13,-2,1,9,43,.14444445,1,0,0,0,29,38,48,9,19,38,81,19,67,1,0,0,0,0,0,0,4.4545455,0,0,0,0,6.84588,1,0,0,0,0,0,5.6347895,0,1,0,1.442202,12.519423,46.400002,-.9162907,13.961624,0,0,40,.64999998,0,France,France,0,,,Africa,Africa,1,1,1
Bangladesh,BGD,0,1,0,0,0,0,0,0,,1796,,,,,,,1796,,1947,,,,,,,1947,0,151,0,0,0,0,0,0,Britain,151,0,0,151,1947,1,,,774.4113352265895,,,,,,7.902156481903974,98,6.578671163845762,Britain,1,6.023504704867372,8.587487015579146,2.757551104540319,6.647115254227423,5.584714305060269,6.53774130310597,2.133099280807754,.1641364331140407,.2563100788195823,.1967500203747746,.172199105097474,.2017793702988721,.3348255058775051,.089093933927559,2019,South Asia,6.039745762711865,8.105819663598897,2.873741558475488,6.913025818912764,5.755518918780368,6.55969908007625,1.962522733447946,,,,,1975,2.990895258632191,1980,3.493789151676542,1990,4.377050454066681,18.6,1,0,0,0,0,0,,24,90,0,.2,85.900002,.26666668,0,0,0,0,25,29,42,7,24,37,74,37,74,0,0,0,0,0,0,0,5.1363635,0,0,0,0,6.877296,0,0,0,0,0,0,4.2684379,0,1,1,3.1654751,11.776597,13.699999,2.9295924,14.942072,0,0,53,1.51,0,Britain,Britain,0,,,Asia,Asia,1,1,1
Bahrain,BHR,0,1,0,0,0,0,0,0,,1861,,,,,,,1861,,1971,,,,,,,1971,0,110,0,0,0,0,0,0,Britain,110,0,0,110,1971,1,,,874.7237556687063,,,,,,7.880394195213571,111,7.808239607448191,Britain,1,7.184648682667889,6.720013672630915,4.1239164079914,8.979262547906186,7.990862701876971,8.105312932912957,1.914470357642899,.1134375528534953,.3634850902644626,.2904044714404993,.3229592987877379,.1846119771094574,.3965700999084253,.1321622017862036,2019,Middle East & North Africa,7.430053475935829,7.106125111240829,4.728614105722297,9.337619773990735,8.267513031487731,7.707330515229708,1.718991901007827,,,1985,6.676310126118461,1995,7.05477714518551,2001,7.056268423139418,2011,7.280254010695189,23.1,1,0,0,0,0,,,26,50.55,0,,,,,,,,,,,,,,,,,,,,,,,,,,,,,,,,,,,,,0,,1,,,,,,,1,29,1.1,0,Britain,Britain,0,,1,Asia,Asia,1,1,1
Bahamas,BHS,0,1,0,0,0,0,0,0,,1738,,,,,,,1738,,1973,,,,,,,1973,0,235,0,0,0,0,0,0,Britain,235,0,0,235,1973,1,,,975.8184534074757,,,,,,7.869503656511901,124,8.002003930356283,Britain,1,7.225613287205353,8.915679782092608,6.017832160977274,7.205380738506712,5.174265546673287,8.736273030962806,1.665838696433231,.137674650588866,.113954888755185,.4842543176809916,.3868610247783754,.165729660069843,.2301687165254384,.1355999966370514,2019,Latin America & the Caribbean,7.499317211948791,8.836620882012147,6.32064228723328,8.253730523358939,5.401152879265092,8.686276530276212,1.545797564682733,,,1985,6.907134281213727,1995,7.127910262805034,2003,7.157018721982381,2013,7.192762333547144,5.5,1,0,0,0,0,0,.626,24.25,-76,0,25.5,0,.26833332,0,0,0,0,25,29,34,5,19,79,84,62,73,0,0,0,0,0,0,0,7.5,0,0,0,0,9.2854481,0,0,0,0,0,0,4.4426513,1,1,0,.37843648,9.21134,27.300003,-.18272163,9.589776,0,1,27,2.3499999,0,Britain,Britain,0,,,America,America,1,1,1
Belize,BLZ,0,1,0,0,0,0,0,1,,1798,,,,,,1524,1524,,1980,,,,,,1862,1980,0,182,0,0,0,0,0,338,Spain,338,0,64,456,1980,2,,,1030.846738148971,82.62722965266154,,,,,7.732458109733557,144,8.161660757291321,Britain,0,6.623441877363073,7.38198275661386,5.001647762305434,7.517859473764753,5.850739126621059,7.523108176386595,1.235274449502111,.305448402783455,.9872877460205329,.3518327401352215,.5353581927996369,.1789223557995149,.5726807629463881,.354463046394151,2019,Latin America & the Caribbean,6.409711538461538,7.109978721646474,5.045786810570087,7.351854969424719,5.834203762170109,6.69272348243805,.9551917007850058,,,1990,6.54085591200981,2000,6.284948416367572,2010,6.580701915759279,,,60.7,1,0,0,0,0,.4090909,.075,17.25,-88.75,0,66.800003,0,.19055556,0,0,0,0,26,32,36,9,18,90,94,86,91,0,0,0,0,0,0,0,,0,0,0,0,8.3779316,0,0,0,0,0,0,5.0955892,1,1,0,.43178239,10.034515,19.999996,.14323421,10.466298,0,0,20,5.1999998,1,Spain,Britain,0,,,America,America,1,1,1
Bolivia,BOL,0,0,0,0,0,0,0,1,,,,,,,,1545,1545,,,,,,,,1825,1825,0,0,0,0,0,0,0,280,Spain,280,0,0,280,1825,1,,,,,,,,,,0,,,,6.450539044526264,6.411686835086964,3.876269888784726,9.078633017472427,7.240898378798437,5.640597751254985,1.942609827781561,.203694836247808,.5111000822294942,.176398426805077,.3717112485140237,.3096595682184564,.337019307467152,.1860101881942224,2019,Latin America & the Caribbean,6.319724025974026,6.027768404636408,3.921982656766039,9.403163263195923,7.014561942686764,5.234387376485532,2.061719704350576,,,,,,,,,,,85.3,0,1,0,0,0,.5994118000000001,.059,-17,-65,0,92.5,0,.18888889,0,1,0,0,12,21,27,-3,2,77,93,49,74,0,0,0,0,0,0,0,5.6363635,0,0,0,0,7.9266024,1,0,0,0,0,14300,4.2626801,1,1,0,-.18636888,13.896519,5.1999998,-.59183401,13.71015,0,0,175,2.8,0,Spain,Spain,0,,,America,America,0,1,0
Brazil,BRA,0,0,0,0,0,0,1,0,,,,,,,1533,,1533,,,,,,,1822,,1822,0,0,0,0,0,0,289,0,Portugal,289,0,0,289,1822,1,,,,,,,,,,0,,,,6.400583485379206,7.019230233219979,5.429546610213975,7.832556588235187,6.82652761029329,4.900175391765086,1.251014362294785,.2591623847292667,.2662253394296716,.3671211234771997,.8696389320608334,.3169888397340704,.3076880405939945,.2953173407425903,2019,Latin America & the Caribbean,6.599574132492114,6.828164639102323,5.109185683906693,9.262193540923352,6.989849349236229,4.804698257132783,1.784442823253013,,,,,,,,,,,24,0,1,0,0,0,.0557809,.074,-10,-55,0,87.800003,.1,.11111111,0,0,1,0,25,32,39,10,18,82,87,68,74,1,0,0,0,0,0,0,7.909091,0,0,0,0,8.7274542,0,2,.1,0,1,19400,4.2626801,1,1,0,-2.1349366,15.950447,8.0999966,-2.4916115,13.815511,1,0,178,2.8900001,0,Portugal,Portugal,0,,,America,America,0,1,0
Barbados,BRB,0,1,0,0,0,0,0,0,,1627,,,,,,,1627,,1966,,,,,,,1966,0,339,0,0,0,0,0,0,Britain,339,0,0,339,1966,1,,,920.8096046849248,,,,,,7.870167561409613,117,7.829785237350956,Britain,1,6.625924130323178,6.758645935300419,5.911132001013441,6.831414003305224,6.5827901499374,6.997980794389572,.5173822154436331,.2047708497419829,.4269649112455662,.2767166568117188,.3854536709372171,.3344470857068115,.4425467074989676,.1708737184371631,2019,Latin America & the Caribbean,7.049943019943019,6.965145884095287,5.794733049684562,8.138538247701572,6.736834900072775,7.624462786635191,.8938500785307539,,,1980,5.957194559999406,1990,6.27715831732401,2000,6.582218117831372,2006,6.560658436213991,96.3,1,0,0,0,0,.0733333,.28,13.1667,-59.5333,0,5.9000001,.2,.14555556,0,0,0,0,26,31,33,16,21,67,79,64,78,0,0,0,0,0,0,0,,0,0,0,0,9.2667208,0,0,0,0,0,21000,4.4426513,1,1,0,.37843639,6.0637851,60.700001,-.18272163,6.4422216,0,1,34,3.3900001,0,Britain,Britain,0,,,America,America,1,1,1
Brunei Darussalam,BRN,0,1,0,0,0,0,0,0,,1888,,,,,,,1888,,1984,,,,,,,1984,0,96,0,0,0,0,0,0,Britain,96,0,0,96,1984,1,,,756.8569874072643,,,,,,7.802649354714065,97,8.367871479652637,Britain,1,7.157979420337677,6.399068064569812,5.151694557767043,8.608957874225634,7.263898417602189,8.345933253252902,1.438567018888625,.1526640738929926,.1846605790351981,.1427130068989838,.2422596308068506,.2673034943224343,.397518285550341,.1284941836754275,2019,East Asia & Pacific,7.299875346260388,6.666666666666667,4.984754818127235,8.836823521599039,7.209166228892521,8.782159033410453,1.606880564894744,,,,,2010,7.262705105694444,2014,7.138379198036337,,,52,1,0,0,0,0,.5,,4.5,114.6667,0,,,,,,,,,,,,,,,,,,,,,,,,,,,,,,,,,,,,,0,,1,,,,,,,0,16,.95999998,0,Britain,Britain,0,,1,Asia,Asia,1,1,1
Bhutan,BTN,0,1,0,0,0,0,0,0,,1888,,,,,,,1888,,1949,,,,,,,1949,0,61,0,0,0,0,0,0,Britain,61,0,0,61,1949,1,,,481.4408208615155,,,,,,7.765174530024444,62,7.309065509447506,Britain,1,6.624157060509734,7.125936598715763,6.052419800483074,6.809429883204604,5.661893147259303,7.536547758062216,.7981259571385658,.1891746017461408,.3588250485532391,.2829884542440771,.1533342511339445,.3001883179911789,.3999569116217918,.0890218844602308,2019,South Asia,6.519953846153846,7.38613487008231,5.930494448256208,6.834972048770032,5.401793888521456,7.047707959338629,.8254959350136589,,,,,,,,,,,674,1,0,0,0,0,.4375,,27.5,90.5,0,0,5,.30333331,0,0,0,0,17,24,36,-2,18,68,90,53,84,0,0,0,0,0,0,0,,0,0,0,0,,1,0,0,0,0,0,,0,1,1,,10.757903,95,,,0,0,51,.61000001,0,Britain,Britain,0,,1,Asia,Asia,1,1,1
Botswana,BWA,0,1,0,0,0,0,0,0,,1887,,,,,,,1887,,1966,,,,,,,1966,0,79,0,0,0,0,0,0,Britain,79,0,0,79,1966,1,,,622.0190123892048,,,,,,7.775237654865061,80,7.829785237350956,Britain,1,7.157436839902151,5.611142056451812,5.916268701414288,8.847198526496911,7.568936204871425,7.846941597363933,1.404658951631565,.2490550382419029,.63148637652752,.6757418798906338,.3317922151226411,.3748283813502499,.219689643505686,.2998881117673872,2019,Sub-Saharan Africa,7.469836956521738,6.107221551609595,6.111591400406248,9.342196941680294,7.933999322214079,7.848172546498639,1.375305507837469,,,1980,5.370663975662878,1990,5.649285183702633,2000,6.890687231880784,2006,7.100339673913042,18.1,1,0,0,0,0,.3775,.008,-22,24,1,9.3999996,0,.24444444,0,0,0,0,20,31,42,-4,10,55,74,55,74,1,0,0,0,0,0,0,7.7272725,0,0,0,0,8.855093,1,0,0,0,0,0,,0,1,0,-1.9661129,13.247639,63.799999,-2.6450753,11.281526,1,0,34,.79000002,0,Britain,Britain,0,,,Africa,Africa,1,1,1
Central African Republic,CAF,0,0,1,0,0,0,0,0,,,1898,,,,,,1898,,,1960,,,,,,1960,0,0,62,0,0,0,0,0,France,62,0,0,62,1960,1,438.2840902668822,,,,,,,,6.956890321696543,63,7.81686086670639,France,1,5.035519027715705,6.1831067656108,2.777574498240972,6.658607591599313,4.447720584688093,5.101759339640881,1.582340488978133,.209693532076167,.7815887827296428,.3023981293526591,.5843823755965755,.2875336369084347,.1860412769984449,.2686655600074063,2019,Sub-Saharan Africa,5.380255941499087,6.903458114419148,3.19934375747255,6.597774527668911,4.779681040874913,5.414295527939486,1.493378232112824,,,,,1980,4.07613102197761,1990,4.346335141250489,2000,4.689598232005058,19.7,0,1,0,0,0,.7855555,,7,21,1,33.099998,3.2,.077777781,1,0,0,0,27,34,38,14,18,90,96,49,72,0,0,0,0,0,0,0,,0,0,0,0,7.192934,1,0,0,0,0,0,5.6347895,0,1,0,.4054651,13.34227,13.700002,-.29035226,13.747735,0,0,40,.62,0,France,France,0,,,Africa,Africa,1,1,1
Canada,CAN,0,1,1,0,0,0,0,0,,1737,1608,,,,,,1608,,1877,1763,,,,,,1877,0,140,155,0,0,0,0,0,France,155,0,26,269,1877,2,,,223.6286340845181,,,,,,7.986736931589933,28,8.337926857097912,Britain,0,8.165665237238242,6.659618773770051,8.058356415181724,9.269175464628443,8.164775821786062,8.676656533581411,1.004176185367753,.0957439483520248,.1882919354274026,.1226418044041308,.418128945383705,.3932801076485729,.1543888805063781,.1297954814609667,2019,North America,8.049693094629156,6.320976906224885,8.035517415563922,9.599041791046327,7.692142762245948,8.622134039346165,1.208778487331687,,,,,,,,,,,77.5,1,0,0,0,0,.3761876,.905,60,-95,0,46.599998,.60000002,.66666669,0,0,0,1,4,12,39,-37,3,76,90,40,76,0,0,1,0,0,0,0,9.727273,0,0,0,0,9.9864492,0,4,7,13,15,185000,2.7788193,1,1,0,-3.8309181,16.036991,23.200001,-4.5240655,12.206073,1,0,123,2.95,1,France,Britain,0,,,America,America,1,1,1
Chile,CHL,0,0,0,0,0,0,0,1,,,,,,,,1541,1541,,,,,,,,1817,1817,0,0,0,0,0,0,0,276,Spain,276,0,0,276,1817,1,,,,,,,,,,0,,,,7.86909512792254,7.807697588590638,6.675546844204392,9.218342392762793,8.308967648282129,7.328448355837568,.9952506185720837,.1675570119471866,.2766153309400415,.2377020519603059,.3084686205843036,.4014291064590453,.2152708886889226,.1188888952325549,2019,Latin America & the Caribbean,7.859603698811096,7.818888161887497,6.623195285149045,9.685779983786871,8.156737595200013,7.027773065510586,1.188010193808731,,,,,,,,,,,248.1,0,1,0,0,0,.050625,.027,-30,-71,0,82.099998,0,.33333334,0,1,0,0,17,27,37,-4,6,70,93,38,64,1,1,0,0,0,0,0,7.818182,0,0,0,0,9.336092,0,0,0,0,0,21700,4.232656,1,1,0,-.22154227,13.526227,16.000002,-.62700737,13.304685,1,0,183,2.76,0,Spain,Spain,0,,,America,America,0,1,0
C�te d�Ivoire,CIV,0,0,1,0,0,0,0,0,,,1869,,,,,,1869,,,1960,,,,,,1960,0,0,91,0,0,0,0,0,France,91,0,0,91,1960,1,664.5973459073423,,,,,,,,7.223884194645025,92,7.81686086670639,France,1,5.780183017062402,7.070562481617602,3.226857900399243,6.859207285819021,5.706905732273972,6.057084271329595,1.599726384717222,.2128036201338004,.8643501559442395,.8547968318683921,.2625991757590409,.2432622228700528,.5252525095356452,.4509628707862646,2019,Sub-Saharan Africa,6.169734219269102,6.866688963059399,4.46770697313607,7.166599074778242,5.453698391708238,6.888911200503033,1.162572568104591,,,1975,5.363993104045015,1980,5.040860989343508,1990,5.370060074361859,2000,5.768129776343256,22.4,0,1,0,0,0,.8565299,,8,-5,1,18.5,24,.088888891,1,0,0,0,26,31,36,15,20,93,96,71,82,0,0,0,0,0,0,0,7,0,0,0,0,7.4442487,0,0,0,0,0,7460,6.5042882,0,1,0,1.442202,12.669806,52.799999,.99028438,14.112009,0,0,40,.91000003,0,France,France,0,,,Africa,Africa,1,1,1
Cameroon,CMR,0,1,1,1,0,0,0,0,,1922,1922,1884,,,,,1884,,1961,1960,1915,,,,,1961,0,39,38,31,0,0,0,0,Britain,39,7,38,70,1961,3,260.4351167995113,,298.8795243421412,,,,,252.0587580657241,7.309670263129519,111,7.887395494277882,Britain,1,5.692729884217474,6.973627448517644,2.972542916418357,7.014788205984106,5.283547507318302,6.232441545692137,1.691024557189788,.1386446252705864,.2826621644508718,.1109569590863198,.1716817893126736,.335589395362429,.3301063343178434,.107504686692213,2019,Sub-Saharan Africa,5.789948006932408,7.232678876560795,2.764166462879237,7.153707217661722,5.12314913861342,6.69728122985769,1.895023057609925,,,1975,4.93572455275794,1985,4.878771790681991,1995,5.236672555580332,2001,5.511066468086756,51.5,0,1,0,0,0,.8520455,,6,12,1,35,22,.06666667,0,0,0,0,25,31,36,14,17,97,98,62,75,0,0,0,0,0,0,0,6.4545455,0,0,0,1,7.5010819,0,0,0,0,0,31900,5.6347895,0,1,0,.4054651,13.050653,24.9,-.29035226,13.456118,0,0,39,1.08,1,Britain,Germany,0,,,Africa,Africa,1,1,1
Democratic Republic of the Congo,COD,1,0,0,0,0,0,0,0,1885,,,,,,,,1885,1960,,,,,,,,1960,75,0,0,0,0,0,0,0,Belgium,75,0,0,75,1960,1,,,,,567.7449737563603,,,,7.470328602057372,76,8.507407945872759,Belgium,1,5.062405098907591,7.217324099764352,2.258416471882359,5.835977808000325,5.31218405158876,4.705271982368919,1.992740900192863,.5887482737387634,.3735227304246527,.2363147236143189,1.864357899479295,.6339048907117391,.6767121637305884,.1504194252664441,2019,Sub-Saharan Africa,5.419888268156424,7.668141065435089,2.689877640272617,5.8817949931403,5.427990068093914,5.416872846311774,1.783324677667425,,,1970,3.671067376005786,1980,2.568235390294252,1990,2.783888743677738,2000,3.696973200910485,44.3,,,,,,,,0,25,1,,,,,,,,,,,,,,,,,,,,,,,,,,,,,,,,,,,,,0,,0,,,,,,,0,40,.75,0,Belgium,Belgium,0,,1,Africa,Africa,1,1,1
Congo,COG,0,0,1,0,0,0,0,0,,,1881,,,,,,1881,,,1960,,,,,,1960,0,0,79,0,0,0,0,0,France,79,0,0,79,1960,1,573.6617187854222,,,,,,,,7.170771484817777,80,7.81686086670639,France,1,4.487705883753645,4.72690846730521,3.132261996836025,5.051680593126787,4.987903702069085,4.37148827183164,.8961573970147821,.1929882269278186,.9591833269854625,.2293462905863199,.4902824934396875,.1540016982922162,.2269941796370319,.2715779220058294,2019,Sub-Saharan Africa,4.780589390962672,6.668360708107292,2.953193417645261,5.174754304481746,4.899318194503485,4.182976066879274,1.362859333667845,,,1970,3.439704100837522,1980,3.169112809328297,1990,4.463584504160578,2000,4.249831810490696,15.2,0,1,0,0,0,.6692753,,-1,15,1,53.900002,.40000001,.011111111,1,0,0,0,25,32,37,12,19,77,89,54,71,0,0,0,0,0,0,0,4.681818,0,0,0,0,7.420579,0,0,0,0,0,338000,5.480639,0,1,0,.4054651,12.741103,20.799999,-.29035226,13.146568,0,0,40,.79000002,0,France,France,0,,,Africa,Africa,1,1,1
Colombia,COL,0,0,0,0,0,0,0,1,,,,,,,,1518,1518,,,,,,,,1819,1819,0,0,0,0,0,0,0,301,Spain,301,0,0,301,1819,1,,,,,,,,,,0,,,,6.578429346436053,6.656477646251661,4.660691459522974,7.877799525448634,6.71009563021935,7.001377998710865,1.215910703621525,.2338035329857049,.3591435318269559,.1201870885701229,.3996936630939914,.2687499529786295,.5410235138121945,.1078546185253406,2019,Latin America & the Caribbean,6.829573170731708,7.025087584431334,4.927193654513037,8.320768873195606,6.573339216673523,7.290927418362892,1.240908906510626,,,,,,,,,,,88.5,0,1,0,0,0,.055796,.067,4,-72,0,96.599998,.2,.044444446,0,1,0,0,14,22,24,4,7,82,88,51,64,0,0,0,0,0,0,0,7.318182,0,0,0,0,8.8098631,0,0,0,0,0,57,4.2626801,1,1,0,-.03796991,13.85348,2.3000016,-.54879558,13.815511,1,0,181,3.01,0,Spain,Spain,0,,,America,America,0,1,0
Comoros,COM,0,0,1,0,0,0,0,0,,,1878,,,,,,1878,,,1975,,,,,,1975,0,0,97,0,0,0,0,0,France,97,0,0,97,1975,1,718.9280766029636,,,,,,,,7.336000781662895,98,8.107117771350733,France,1,6.31,6.241709755692591,3.48022962434858,7.024170892949181,7.127980673064671,7.652206808845375,1.657769822732599,,,,,,,,2019,Sub-Saharan Africa,6.31,6.241709755692591,3.48022962434858,7.024170892949181,7.127980673064671,7.652206808845375,1.657769822732599,,,,,,,,,2019,6.31,332.8,0,1,0,0,0,1,,-12.1667,44.25,1,.1,99.699997,.13444445,1,0,0,0,26,30,33,19,22,74,79,74,78,0,0,0,0,0,0,0,,0,0,0,0,7.3839893,0,0,0,0,0,0,,0,1,0,1.5005835,7.7097569,.10000305,,9.2103405,0,1,25,.97000003,0,France,France,0,,,Africa,Africa,1,1,1
Cabo Verde,CPV,0,0,0,0,0,0,1,0,,,,,,,1462,,1462,,,,,,,1975,,1975,0,0,0,0,0,0,513,0,Portugal,513,0,0,513,1975,1,,799.4238419090082,,,,,,,6.344633665944509,126,6.682536344652799,Portugal,1,7.075608785432701,6.857627706422638,6.390135614293493,8.447566884537855,6.690762079541017,6.990207094718765,.8771756801529351,.4251166563197049,.8969573407642043,.0429487737101741,.8687425991562215,.4756461134311047,.2092312502807346,.2900993967931429,2019,Sub-Saharan Africa,7.64993429697766,7.592879736887866,6.397419875943167,9.766816291983568,7.168270028784987,7.332474480731384,1.263527281954982,,,,,,,2010,6.490647644077342,2015,7.200525624178711,236.7,0,1,0,0,0,.375,.02,16,-24,1,95.900002,0,.17777778,0,0,1,0,25,30,34,13,22,58,74,54,73,0,0,0,0,0,0,0,,0,0,0,0,7.9793391,0,0,0,0,0,0,,0,1,0,-.69314718,8.3015213,1.0999985,,7.6083746,0,1,25,5.1300001,0,Portugal,Portugal,0,,,Africa,Africa,1,1,1
Costa Rica,CRI,0,0,0,0,0,0,0,1,,,,,,,,1516,1516,,,,,,,,1821,1821,0,0,0,0,0,0,0,305,Spain,305,0,0,305,1821,1,,,,,,,,,,0,,,,7.540085183209842,7.80032849538906,6.273928901717712,8.63602140117573,8.231074232621188,6.768453762616749,1.08424177649537,.2091997057400021,.3090724811724701,.182663774544308,.9685958168353205,.2065602138150253,.251370954408736,.1996181884742326,2019,Latin America & the Caribbean,7.669934469200523,7.453975856913171,6.39963194006971,9.782606953625146,8.087582049686411,6.631479354164621,1.35798600057938,,,,,,,,,,,211.2,0,1,0,0,0,.0532143,.154,10,-84,0,90.5,0,.11111111,0,1,0,0,21,29,33,9,14,80,92,55,78,0,0,0,0,0,0,0,7.0454545,0,0,0,0,8.7948246,0,0,0,0,0,0,4.3579903,1,1,0,.43178239,10.840756,3.6999998,.14323421,11.272539,0,0,179,3.05,0,Spain,Spain,0,,,America,America,0,1,0
Cyprus,CYP,0,1,0,0,0,0,0,0,,1887,,,,,,,1887,,1960,,,,,,,1960,0,73,0,0,0,0,0,0,Britain,73,0,0,73,1960,1,,,574.903898125059,,,,,,7.76897159628458,74,7.936265116145708,Britain,1,7.558465072943838,7.309907080793733,6.318119154795395,8.823837836263365,8.00580544483406,7.365888350915675,1.006712156971224,.4267900473462437,.2543131785521424,.2118048641758534,.9527890658869288,.8296102532753793,.3427069057048416,.2821388458782667,2019,Europe & Central Asia,7.889466666666666,7.249156747054243,6.31612731445396,9.33827559788976,8.637962083462931,7.924962767898983,1.177483846833504,,,1970,6.018933606542116,1980,5.719352339606082,1990,6.104259068874964,2000,6.588887744951186,271.8,1,0,0,0,0,.3,,35,33,0,,,,,,,,,,,,,,,,,,,,,,,,,,,,,,,,,,,,,0,,1,,,,,,,1,40,.73000002,0,Britain,Britain,0,,1,Asia,Asia,1,1,1
Djibouti,DJI,0,0,1,0,0,0,0,0,,,1869,,,,,,1869,,,1977,,,,,,1977,0,0,108,0,0,0,0,0,France,108,0,0,108,1977,1,802.4937066151585,,,,,,,,7.362327583625308,109,8.198661049945729,France,1,6.47041935483871,6.817234380621603,4.009348183328063,7.20311532874095,6.953030096355922,7.361704485961329,1.391158323845082,,,,,,,,2019,Middle East & North Africa,6.47041935483871,6.817234380621603,4.009348183328063,7.20311532874095,6.953030096355922,7.361704485961329,1.391158323845082,,,,,,,,,2019,6.47041935483871,243.2,0,1,0,0,0,.7142857,.069,11.5,43,1,6.6999998,90.599998,.12555556,1,0,0,0,32,34,47,17,23,57,84,43,74,1,0,0,0,0,0,0,,0,0,0,0,,0,0,0,0,0,0,3.2580965,0,1,0,,10.051045,2.5000017,,,0,0,23,1.08,0,France,France,0,,,Africa,Africa,1,1,1
Dominican Republic,DOM,0,0,0,0,0,0,0,1,,,,,,,,1493,1493,,,,,,,,1839,1839,0,0,0,0,0,0,0,346,Spain,346,0,0,346,1839,1,,,,,,,,,,0,,,,7.037138029043118,8.706706297638327,4.471439408122334,7.835761498865969,7.506702510815664,6.67747975106396,1.809906536100331,.5144520504151708,.2478204169908408,.1913384727831377,1.923938207197567,.7022310146890105,.217791164361797,.1864156228699324,2019,Latin America & the Caribbean,7.59967435549525,8.765449478152242,4.75019111350626,9.633334459246889,8.196093937894613,6.645952610079418,1.928707499952791,,,,,,,,,,,164.1,0,1,0,0,0,.0108306,.25,19,-70.66670000000001,0,96.599998,0,.21111111,1,0,0,0,26,33,37,15,20,88,92,58,66,0,0,0,0,0,0,0,6.181818,0,0,0,0,8.3640423,0,0,0,0,0,0,4.8675346,1,1,0,.37843648,10.786841,2.0000014,-.18272163,11.165278,0,1,161,3.46,0,Spain,France,0,,,America,America,0,1,0
Algeria,DZA,0,0,1,0,0,0,0,0,,,1836,,,,,,1836,,,1962,,,,,,1962,0,0,126,0,0,0,0,0,France,126,0,0,126,1962,1,819.4369906624182,,,,,,,,7.25165478462317,113,7.83687227852246,France,1,5.028614837094676,4.185904904353087,3.86314876958532,7.162999023405105,4.760549262639975,5.21387431930097,1.432700323693653,.2234691204571247,.4921172390990899,.3638190834137798,.3438739280327327,1.102477123468349,.4736344854678126,.1770150679549884,2019,Middle East & North Africa,4.860506822612086,4.493283038350533,4.142183030978925,7.287544293838383,2.552218918897023,5.840058279807768,1.790882103722234,,,1975,4.384858008862166,1985,3.545707284794204,1995,3.922564472122484,2002,4.806962129862996,51,0,1,0,0,0,.293724,.105,28,3,1,.5,99.099998,.31111112,1,0,0,0,21,24,42,0,1,67,75,57,66,0,1,0,0,0,0,0,6.5,0,0,0,0,8.3893595,0,0,0,0,0,339000,4.3592696,0,1,0,1.9455794,12.275396,.40000153,2.2332616,14.220976,1,0,38,1.26,0,France,France,0,,,Africa,Africa,1,1,1
Ecuador,ECU,0,0,0,0,0,0,0,1,,,,,,,,1534,1534,,,,,,,,1823,1823,0,0,0,0,0,0,0,289,Spain,289,0,0,289,1823,1,,,,,,,,,,0,,,,6.215486877780271,7.447794261824393,4.192679422903305,6.363400083098022,7.124188613877456,5.94724531904949,1.485061431892365,.2472152218187225,.8162887847917957,.2452932543385042,1.404754552282284,.4202422613421359,.5586388016984736,.3419229367627247,2019,Latin America & the Caribbean,6.679739263803681,7.14803543445814,4.655420282691036,8.508651012551939,6.76888415266937,6.340238058147944,1.395097950100471,,,,,,,,,,,127.8,0,1,0,0,0,.3253571,.069,-2,-77.5,0,96.400002,0,.022222223,0,1,0,0,15,26,30,0,4,80,94,40,60,0,0,1,0,0,0,0,6.5454545,0,0,0,0,8.4701014,0,0,0,0,0,141,4.2626801,1,1,0,.77348995,12.531195,1.6999985,.3680248,13.304685,0,0,177,2.8900001,0,Spain,Spain,0,,,America,America,0,1,0
Egypt,EGY,0,1,0,0,0,0,0,0,,1882,,,,,,,1882,,1926,,,,,,,1926,0,44,0,0,0,0,0,0,Britain,44,0,0,44,1926,1,,,364.571596953338,,,,,,8.101591043407511,45,8.034913596512421,Britain,1,5.785054844405665,5.646218225228617,3.483600249671289,8.628315062145898,6.108024917233682,5.061856927082101,1.902283897381282,.3433724651099525,.4402543622967167,.2777844045199185,.9181643476165242,.5569095977505893,.3003620760991794,.3392352657039755,2019,Middle East & North Africa,5.739768683274022,5.288439801087558,3.58045986504896,8.164979752552501,6.242519615587735,5.425586354307378,1.665790212203387,,,,,1950,5.507162107484683,1960,4.664158753389847,1975,3.583248226227442,72.3,0,1,0,0,0,.0230618,.014,27,30,1,.2,81.800003,.30000001,0,0,0,0,24,31,47,1,17,50,70,18,41,0,1,0,0,0,0,0,6.7727275,0,0,0,0,7.9515595,0,0,0,0,0,111000,4.2165623,0,1,0,4.6097307,10.592074,17.799997,4.8328743,15.201805,0,0,74,.44,0,Britain,Britain,0,,,Africa,Africa,1,1,1
Fiji,FJI,0,1,0,0,0,0,0,0,,1872,,,,,,,1872,,1970,,,,,,,1970,0,98,0,0,0,0,0,0,Britain,98,0,0,98,1970,1,,,778.4636073243512,,,,,,7.863268760852033,99,7.910019495466948,Britain,1,6.320807283124362,6.778812690556295,5.645630542131039,6.713754413678048,5.600498514406025,6.971392802782009,.7666824894727216,.1088343928895845,.6895291946460235,.5733170979063054,.1697554042459952,.1607331449738006,.3161898013455313,.2562641036518363,2019,East Asia & Pacific,6.36025993883792,6.660965518523942,5.161128265976948,7.138269896282843,5.510362471640844,7.317823335710279,.9711926892515974,,,1980,5.796036916812122,1990,5.775447087622736,2000,6.418297205149647,2010,6.318664923332592,139.6,1,0,0,0,0,.8,.024,-18,175,0,9,7.8000002,.2,0,0,0,0,25,32,37,13,19,76,82,73,79,0,0,0,0,0,0,0,,0,0,0,0,8.3015213,0,0,0,0,0,0,2.4336133,0,1,0,,9.8130159,44.100002,.2437302,,0,1,30,.98000002,0,Britain,Britain,0,,1,Oceania,Oceania,1,1,1
Gabon,GAB,0,0,1,0,0,0,0,0,,,1855,,,,,,1855,,,1960,,,,,,1960,0,0,105,0,0,0,0,0,France,105,0,0,105,1960,1,768.5354800650373,,,,,,,,7.250334717594692,106,7.81686086670639,France,1,5.508893833127781,6.171856833938827,2.985900375974697,6.013576269207173,5.634652966770483,6.738912592055622,1.500373607404451,.1749597673491722,.6055471616361841,.1711667290646067,.4273139142656164,.1862425442022253,.2195485742029213,.1284262394438959,2019,Sub-Saharan Africa,5.829808027923211,6.793740414213628,2.688623242286277,6.623716412320826,5.927042943250929,7.095515768501782,1.805400613153663,,,1970,5.089300512792871,1980,4.474137020890653,1990,5.304043650313902,2000,5.55862350329943,21.8,0,1,0,0,0,.7966666999999999,.013,-1,11.75,1,65.199997,.80000001,.011111111,1,0,0,0,27,33,37,17,19,85,95,69,79,0,0,0,0,0,0,0,7.818182,0,0,0,0,8.9078827,0,0,0,0,0,579000,5.6347895,0,1,0,.4054651,12.459435,15.200004,-.29035226,12.8649,0,0,40,1.05,0,France,France,0,,,Africa,Africa,1,1,1
Ghana,GHA,0,1,0,1,0,0,1,0,,1874,,1884,,,1476,,1476,,1957,,1916,,,1823,,1957,0,83,0,32,0,0,347,0,Portugal,347,92,73,389,1957,3,,,659.7538058338664,,,,,257.0034153889123,7.835531805322895,117,7.758761886058023,Britain,0,6.492523692866008,7.954344420921228,5.167451525708722,6.710247289596198,6.119381659343501,6.526860744814717,1.127647385001254,.4394362363914556,.9573464636862089,.3021515955248013,.9525582709497774,.3886966249799815,.4539331512168298,.2246995205204212,2019,Sub-Saharan Africa,6.719646153846154,8.517891426641878,5.205488235185788,6.283135031551961,6.46800260291983,7.10351958141133,1.217323288009716,,,1970,4.119176203573695,1980,3.05980229937402,1990,4.582196821558752,2000,5.506064950061682,22.8,1,0,0,0,0,.7060708,.001,8,-2,1,18.700001,15.7,.088888891,0,0,0,0,27,32,38,15,21,95,97,61,77,1,0,0,0,0,0,0,6.2727275,0,0,0,0,7.36518,0,0,0,0,0,30,6.5042882,0,1,0,1.442202,12.335081,39.799999,.99028444,13.777284,0,0,43,4.6199999,1,Portugal,Britain,0,,,Africa,Africa,1,1,1
Guinea,GIN,0,0,1,0,0,0,0,0,,,1858,,,,,,1858,,,1958,,,,,,1958,0,0,100,0,0,0,0,0,France,100,0,0,100,1958,1,731.0674698054487,,,,,,,,7.238291780251967,101,7.292551646254308,France,1,5.440861905379188,5.22565132090283,3.191397386395885,7.084862365435807,5.061737053241392,6.661504816137564,1.655994339851752,.3501089646182182,.9823599544758846,.3611824323830963,.6821506084520562,.4537445364597342,.3417355798978166,.1938132813565606,2019,Sub-Saharan Africa,5.93982905982906,6.057088075079959,3.941898386771931,7.300928227119059,5.529744793056066,6.869781175605636,1.312540248929756,,,,,,,,,,,74,0,1,0,0,0,.75983,,11,-10,1,1.1,69,.12222222,1,0,0,0,27,31,36,17,21,83,94,63,87,0,0,0,0,0,0,0,6.5454545,0,0,0,0,7.4899707,0,0,0,0,0,0,6.1800165,0,1,0,1.442202,12.411948,29.799999,.99028426,13.85415,0,0,42,1,0,France,France,0,,,Africa,Africa,1,1,1
Gambia,GMB,0,1,0,0,0,0,0,0,,1852,,,,,,,1852,,1965,,,,,,,1965,0,113,0,0,0,0,0,0,Britain,113,0,0,113,1965,1,,,897.6145275626719,,,,,,7.873811645286596,114,7.786452351883046,Britain,1,7.128163742204725,7.267617617349449,4.8356022696086,8.943120298899633,7.5848548941276,7.011951976506164,1.522595911003852,.1283776884421097,.3894755832991671,.1839007584778509,.5588946251275483,.356604204428292,.337915239553066,.1737884715719195,2019,Sub-Saharan Africa,7.060234806629833,7.293856887663002,5.013711779329689,9.203262547729533,6.669761542392102,7.128086051962066,1.49937199973724,,,,,,,,,2010,7.080435764588714,35.3,1,0,0,0,0,.7803704,,13.4667,-16.5667,1,1.9,84.800003,.14755556,0,0,0,0,24,33,41,7,21,66,95,26,78,0,0,0,0,0,0,0,8.272727,0,0,0,0,7.2723985,0,0,0,0,0,0,7.2930179,0,1,0,1.442202,9.2103405,12.899997,.99028438,10.652542,0,0,35,1.13,0,Britain,Britain,0,,,Africa,Africa,1,1,1
Guinea-Bissau,GNB,0,0,0,0,0,0,1,0,,,,,,,1879,,1879,,,,,,,1973,,1973,0,0,0,0,0,0,94,0,Portugal,94,0,0,94,1973,1,,603.5648244376081,,,,,,,6.353313941448506,95,6.746793382068263,Portugal,1,5.097479773668131,6.658688900210956,2.415736801233206,6.21415655490441,5.478000595651364,4.597807801131099,1.732183907602674,.254784410740326,.7341952465000336,.2843247437875968,.6624970819035348,.1937773707193423,.4246889271070997,.2113768521629939,2019,Sub-Saharan Africa,5.699893805309736,7.91040963746458,2.774225841125179,6.919828915993276,5.848028087163763,5.024569175854475,1.962909935383831,,,1990,3.298442699647004,1995,3.692127796056485,2003,5.075751400602232,2013,5.192057921698172,49.1,0,1,0,0,0,.85,.004,12,-15,1,10.2,38.299999,.13333334,0,0,1,0,28,35,43,13,21,70,87,45,74,0,0,0,0,0,0,0,4.5454545,0,0,0,0,,0,0,0,0,0,0,5.1038828,0,1,0,1.442202,10.244236,50.900002,.99028438,11.686439,0,0,27,.94,0,Portugal,Portugal,0,,,Africa,Africa,1,1,1
Guatemala,GTM,0,0,0,0,0,0,0,1,,,,,,,,1524,1524,,,,,,,,1821,1821,0,0,0,0,0,0,0,297,Spain,297,0,0,297,1821,1,,,,,,,,,,0,,,,7.466361545163586,8.739456516272552,4.582298585422205,9.163802489453206,8.317317088503668,6.523389079627582,1.91434666025772,.2757112041521839,.4246233318928825,.4100829562811319,.4612223208301108,.2516823740705746,.2361317519718467,.1186412917764893,2019,Latin America & the Caribbean,7.779750000000001,9.227859948694558,4.865215686321008,9.619510978090785,8.293776765981621,6.903713820805863,1.937000928493391,,,,,,,,,,,180.7,0,1,0,0,0,.4766667,.03,15.5,-90.25,0,94,0,.17,0,1,0,0,19,28,32,5,12,81,92,51,72,0,0,0,0,0,0,0,5.1363635,0,0,0,0,8.2940493,0,0,0,0,0,2700,4.2626801,1,1,0,.43178245,11.59386,1.0999999,.14323421,12.025642,0,0,179,2.97,0,Spain,Spain,0,,,America,America,0,1,0
Guyana,GUY,0,1,0,0,0,1,0,0,,1814,,,,1580,,,1580,,1966,,,,1815,,,1966,0,152,0,0,0,235,0,0,Netherlands,235,0,1,386,1966,2,,,920.8096046849248,,,,,,7.870167561409613,117,7.829785237350956,Britain,0,6.304507567746851,4.712679783321305,4.915905940121586,7.964964220435858,7.060845011623696,6.872953357883556,1.511989163023885,.2645346968519263,.8833219227051857,.209113489147979,.2488139051143513,.5614593321518481,.5995082127050247,.1792658868281386,2019,Latin America & the Caribbean,5.810017152658662,3.947489672975367,5.331622401394591,8.303401739579135,5.764870427442898,5.688605048049741,1.575720171281477,,,,,1990,4.488850769049674,2000,6.179155718533295,2006,6.369056603773585,27.3,1,0,0,0,0,.2377778,.057,5,-59,0,18,9,.055555556,0,0,0,0,27,31,34,20,22,83,93,69,77,0,0,0,0,0,0,0,5.8863635,0,0,0,0,7.9047041,0,0,0,0,0,0,3.4713452,1,1,0,-1.5464631,12.190197,55,-.18272163,10.643734,0,0,34,3.8699999,1,Netherlands,Britain,0,,,America,America,1,1,1
Honduras,HND,0,0,0,0,0,0,0,1,,,,,,,,1524,1524,,,,,,,,1821,1821,0,0,0,0,0,0,0,297,Spain,297,0,0,297,1821,1,,,,,,,,,,0,,,,7.170283067151628,8.682417655616836,4.048372374345063,9.035478740096568,7.226829173965434,6.857943072254722,1.988708426318559,.1382934629296036,.2182891574367846,.2440752752671209,.387093336999338,.2656275612265419,.1718372446093008,.1061200768210685,2019,Latin America & the Caribbean,7.239716312056738,8.949673276402308,4.154031820015646,9.309398268524708,6.841372145866774,6.941876532267281,2.060119573002928,,,,,,,,,,,215,0,1,0,0,0,.0973593,.057,15,-86.5,0,95.800003,.1,.16666667,0,1,0,0,22,25,30,14,18,79,91,43,70,0,0,0,0,0,0,0,5.318182,0,0,0,0,7.6870804,0,0,0,0,0,0,4.3579903,1,1,0,.43178239,11.625272,1.499997,.14323421,12.057054,0,0,179,2.97,0,Spain,Spain,0,,,America,America,0,1,0
Haiti,HTI,0,0,1,0,0,0,0,0,,,1665,,,,,,1665,,,1804,,,,,,1804,0,0,139,0,0,0,0,0,France,139,0,0,139,1804,1,,,,,,,,,,0,,,,6.493248441054209,8.007531840134009,2.670741766049986,7.880900678219265,7.179361632276549,6.802418564438419,2.28514583739538,.191875027961923,.6454263995083339,.2540720536184975,.6478655038947615,.891961222524593,.3224859923847059,.1137924437516444,2019,Latin America & the Caribbean,6.679832826747721,9.113063393595406,2.408080446238962,6.952126903504808,7.804578901168223,7.107242072913275,2.534280777908847,,,,,,,,,,,236.2,0,1,0,0,0,.0644048,.035,19,-72.41670000000001,0,82.599998,0,.21111111,1,0,0,0,27,34,38,16,20,68,79,43,56,0,0,0,0,0,0,0,3.7272727,0,0,0,0,7.1467724,0,0,0,0,0,0,4.8675346,1,1,0,.27763188,10.224121,4.6000013,-.18272163,10.501753,0,1,196,1.39,0,France,France,0,,,America,America,0,1,0
Indonesia,IDN,0,0,0,0,0,1,0,0,,,,,,1621,,,1621,,,,,,1952,,,1952,0,0,0,0,0,331,0,0,Netherlands,331,0,0,331,1952,1,,,,,,,817.6344807920781,,7.938198842641535,103,8.134533479416907,Netherlands,1,6.818899154630097,8.171804406530459,4.254439727222302,8.233722908665364,7.27188725017601,6.140562026092473,1.725921649499999,.4637467349190509,.2316572114908661,.5010504199474017,1.170951187683675,.1344380260588813,.5660445999811602,.1282120111848554,2019,East Asia & Pacific,7.349633802816901,8.159866194564495,4.895145429201389,9.662547394484731,7.433741967475357,6.576854611407487,1.777269024517568,,,1965,4.664966022582178,1975,5.119381242305551,1985,6.03624843983591,1995,6.502133386534655,96.7,0,1,0,0,0,.6905679,,-5,120,0,2.7,43.400002,.055599999,0,0,0,0,28,33,37,19,21,90,95,61,75,0,0,0,0,0,0,0,7.590909,1,0,0,0,8.0709057,0,0,0,0,0,29700,5.1357985,0,1,1,1.453499,14.409704,52.799999,.72756195,15.863203,1,1,48,3.3099999,0,Netherlands,Netherlands,0,,,Asia,Asia,1,1,1
India,IND,0,1,0,0,0,0,0,0,,1803,,,,,,,1803,,1947,,,,,,,1947,0,144,0,0,0,0,0,0,Britain,144,0,0,144,1947,1,,,774.4113352265895,,,,,,7.902156481903974,98,6.578671163845762,Britain,1,6.409030032933494,7.532483172949767,5.307317065268069,7.044112188442929,5.633202912203455,6.529479742481039,.9849798342060374,.1818007027834976,.1750492939851022,.1961901516430952,.7079969155080467,.2557080701537635,.2123070917763418,.1669084276429945,2019,South Asia,6.759940564635958,7.579954973221047,5.517146273591952,8.153071218491457,5.860226694305576,6.669395217481908,1.115277828386452,,,1960,5.745945541827115,1970,5.372957977870866,1980,4.992449948811708,1990,5.199827981849703,101.3,1,0,0,0,0,.7421975,,20,77,0,1.3,11.6,.22220001,0,0,0,0,24,28,46,-1,22,35,80,19,64,1,0,0,0,0,0,0,8.272727,0,0,0,0,7.3260002,0,0,5,0,7,6750,3.8842406,0,1,1,3.1654751,14.905146,82.300003,2.9295924,18.070621,1,0,53,1.4400001,0,Britain,Britain,0,,,Asia,Asia,1,1,1
Iraq,IRQ,0,1,0,0,0,0,0,0,,1917,,,,,,,1917,,1932,,,,,,,1932,0,15,0,0,0,0,0,0,Britain,15,0,0,15,1932,1,,,121.7450095700154,,,,,,7.60906309812596,16,7.677058968737507,Britain,1,5.038427650368905,5.290625570039019,2.968603929985796,8.111672693277335,3.634927741026819,5.28534109857129,2.00421917868648,.1166903537120026,.2752109163143274,.1476398718781467,.3640024929123412,.1724422162199945,.4603803869351238,.144132226513946,2019,Middle East & North Africa,5.113732876712329,4.9350832397989,3.179660437266738,7.820561564726295,3.775796589918793,5.939544349943151,1.841885401826248,,,,,,,,,,,67,0,1,0,0,0,,,33,44,0,,,,,,,,,,,,,,,,,,,,,,,,,,,,,,,,,,,,,0,,1,,,,,,,0,68,.15000001,0,Britain,Britain,0,,1,Asia,Asia,1,1,1
Israel,ISR,0,1,0,0,0,0,0,0,,1920,,,,,,,1920,,1948,,,,,,,1948,0,28,0,0,0,0,0,0,Britain,28,0,0,28,1948,1,,,213.2628973391486,,,,,,7.353893011694778,29,6.879172424104512,Britain,1,7.378362078804349,6.252965548545778,5.879978917038491,9.503932359159673,8.396565828724064,6.851391425181748,1.5563308756611,.2713715586672155,.429531714250854,.1956257495514774,.3916218050541962,.2059546063723456,.6172663480849045,.1300371794964273,2019,Middle East & North Africa,7.629619565217391,6.432941120163489,6.083206157625465,9.762567683897359,8.433878644681331,7.418701676392721,1.505337500583436,,,1960,5.308337987815438,1970,4.713782550491591,1980,4.208028527158981,1990,5.060214560381857,170.5,1,0,0,0,0,.3270557,,31.5,34.75,0,,,,,,,,,,,,,,,,,,,,,,,,,,,,,,,,,,,,,0,,1,,,,,,,0,52,.28,0,Britain,Britain,0,,1,Asia,Asia,1,1,1
Jamaica,JAM,0,1,0,0,0,0,0,1,,1655,,,,,,1509,1509,,1962,,,,,,1655,1962,0,307,0,0,0,0,0,146,Britain,307,0,0,453,1962,2,,,889.4597865638879,,,,,,7.871325544813167,113,7.877900648831044,Britain,1,7.493371854517011,8.103584840721414,5.484982406181782,8.767446046977751,7.529737089757807,7.601042248362627,1.27712286573005,.1750231906509502,.1755254178216979,.2514053750239426,.478236871527795,.3950783395288242,.5041198700718083,.1379432041643125,2019,Latin America & the Caribbean,7.609688768606225,8.215443453305378,5.754812466409638,9.275674888898676,6.62869215932002,8.173877333027663,1.402112483942529,,,1975,5.00905282663705,1985,5.15687314642104,1995,6.518719183618654,2002,7.41992460070879,178.8,1,0,0,0,0,.0125,.095,18.25,-77.5,0,9.6000004,.1,.20166667,0,0,0,0,26,33,36,14,20,77,88,61,73,0,0,0,0,0,0,0,7.090909,0,0,0,0,8.1886892,0,0,0,0,0,0,4.8675346,1,1,0,1.5303947,9.2900753,34.799999,-.1827217,10.82047,0,1,38,4.5300002,1,Britain,Britain,0,,,America,America,1,1,1
Jordan,JOR,0,1,0,0,0,0,0,0,,1923,,,,,,,1923,,1946,,,,,,,1946,0,23,0,0,0,0,0,0,Britain,23,0,0,23,1946,1,,,177.6452164837262,,,,,,7.401884020155258,24,6.343039099045326,Britain,1,7.334221962433418,7.279821342767311,4.27718809965291,9.362184140737963,8.057551212095461,7.686143915171392,1.904158544953917,.1598310114237315,.5665400333243651,.0943358878799256,.3741578970319055,.1833089955213449,.2927153289834375,.1068781766720872,2019,Middle East & North Africa,7.509810298102981,7.397685763727384,4.303198702143973,9.90413460065751,8.017412379981677,7.902244241618068,2.027268121262756,,,1960,3.87988959199251,1970,5.780731756891347,1980,5.659889885388399,1990,5.38982163514012,109.7,0,1,0,0,0,.0297194,,31,36,0,,,,,,,,,,,,,,,,,,,,,,,,,,,,,,,,,,,,,0,,1,,,,,,,0,54,.23,0,Britain,Britain,0,,1,Asia,Asia,1,1,1
Kenya,KEN,0,1,0,0,0,0,0,0,,1891,,,,,,,1891,,1963,,,,,,,1963,0,72,0,0,0,0,0,0,Britain,72,0,0,72,1963,1,,,564.9609472509815,,,,,,7.739191058232623,73,7.889457208435549,Britain,1,6.989904253148178,7.367655337655902,4.660147210524719,8.866056227715994,6.741105713575086,7.305414503304933,1.569613853837373,.2269141852182019,.7710990809057667,.4122001093616728,.3594862385195567,.1535402329930239,.3373701229658965,.1808033416291588,2019,Sub-Saharan Africa,6.999942611190819,7.084860231882324,4.962253249820064,9.401516063905222,6.640577545557652,6.917317736768592,1.586104096895388,,,1975,5.06095462888907,1985,5.061079114306089,1995,5.735167726802135,2003,6.702666217070024,66.90000000000001,1,0,0,0,0,.8269649,.003,1,38,1,26.4,6,.011111111,0,0,0,0,18,26,31,5,11,74,89,40,62,1,1,0,0,0,0,0,6.0454545,0,0,0,0,7.0561752,0,0,0,0,0,0,4.9767337,0,1,0,.96909398,13.251882,48.300003,.34048524,14.220976,0,0,37,.72000003,0,Britain,Britain,0,,,Africa,Africa,1,1,1
Cambodia,KHM,0,0,1,0,0,0,0,0,,,1868,,,,,,1868,,,1952,,,,,,1952,0,0,84,0,0,0,0,0,France,84,0,0,84,1952,1,612.076760439002,,,,,,,,7.200903063988259,85,6.656974183791318,France,1,7.109226740910183,8.484725267909601,3.736554394096369,9.202306223122328,7.437949781056763,6.665769156517764,2.136435964129026,.2233000853366499,.6291369643213711,.1464520029200755,.1666146964365925,.2730717368148227,.410835456383547,.1538155000043216,2019,East Asia & Pacific,7.379649859943978,9.201444516633668,3.702671836957276,9.2657986350833,7.721377070897936,7.005568485481468,2.272299184214529,,,,,,,,,,,54,0,0,1,0,0,.1335464,,13,105,0,,,,,,,,,,,,,,,,,,,,,,,,,,,,,,,,,,,,,0,,1,,,,,,,0,48,.83999997,0,France,France,0,,1,Asia,Asia,1,1,1
Kuwait,KWT,0,1,0,0,0,0,0,0,,1914,,,,,,,1914,,1961,,,,,,,1961,0,47,0,0,0,0,0,0,Britain,47,0,0,47,1961,1,,,355.3795295750367,,,,,,7.403740199479931,48,7.887395494277882,Britain,1,6.831226143156935,6.021655897676689,4.832876110906282,8.244921778767912,7.575300293943532,7.485332425214184,1.407309867258108,.1827290914688797,.3573985111253651,.1017026554073108,.2844039313808402,.2856716718809867,.4801892211975963,.11775144198642,2019,Middle East & North Africa,6.739985163204747,5.871215769043341,4.94336465573131,8.233012047391442,7.285295285780901,7.380227439838806,1.315197066566943,,,1975,5.875806413429775,1985,6.592355633998502,1995,6.593472343615289,2001,6.910062392451302,24.5,0,1,0,0,0,,,29.3375,47.6581,0,,,,,,,,,,,,,,,,,,,,,,,,,,,,,,,,,,,,,0,,1,,,,,,,0,39,.47,0,Britain,Britain,0,,1,Asia,Asia,1,1,1
Laos,LAO,0,0,1,0,0,0,0,0,,,1892,,,,,,1892,,,1952,,,,,,1952,0,0,60,0,0,0,0,0,France,60,0,0,60,1952,1,425.7235052371158,,,,,,,,6.979073856346161,61,6.656974183791318,France,1,6.44331733574196,6.954757889637965,5.070577684692988,7.365785484314261,6.880020441945558,6.014441734956406,.9956125552794951,.2927060745481115,.411003302371824,.3011756162518132,.2045595949836417,.4190223441691099,.8257693830133854,.1902156190629551,2019,East Asia & Pacific,6.649769585253456,7.212646828454441,4.765096309088085,7.531882057149218,7.252798391063592,6.478665973992457,1.122481036571737,,,,,,,,,,,255.3,0,0,1,0,0,.25,,18,105,0,.80000001,1,.2,1,0,0,0,26,33,40,4,21,71,87,71,87,0,0,0,0,0,0,0,,0,0,0,0,7.0900769,1,0,0,0,0,0,4.9416423,0,1,1,.54991299,12.349307,98,-.14323419,12.89922,0,0,48,.60000002,0,France,France,0,,,Asia,Asia,1,1,1
Lebanon,LBN,0,0,1,0,0,0,0,0,,,1921,,,,,,1921,,,1946,,,,,,1946,0,0,25,0,0,0,0,0,France,25,0,0,25,1946,1,170.7461394923041,,,,,,,,6.567159211242465,26,4.917534114475077,France,1,7.103958319653008,8.392430219320637,4.18238394352114,9.529791583997623,6.891423155838337,6.518810966720243,2.039432365203943,.115660313442819,.2042971489805077,.1027726127935853,.1291114010664383,.4133523428904078,.1702538052347132,.0591492090157274,2019,Middle East & North Africa,6.847435897435898,8.123215300090092,4.231572321674101,9.519701005244089,5.9060248635114,6.456302299878419,2.040257112297437,,,1960,6.189178875390461,,,,,,,419.7,0,1,0,0,0,.1140004,,33.8333,35.8333,0,,,,,,,,,,,,,,,,,,,,,,,,,,,,,,,,,,,,,0,,1,,,,,,,0,54,.25,0,France,France,0,,1,Asia,Asia,1,1,1
Libya,LBY,0,1,0,0,1,0,0,0,,1946,,,1912,,,,1912,,1952,,,1942,,,,1952,0,6,0,0,30,0,0,0,Italy,30,4,0,36,1952,2,,,49.74134543619569,,,192.1816166447754,,,6.366393738972922,38,7.531954961315417,Britain,0,4.604416199658054,5.147520755797309,3.296302367146826,6.776345183921982,2.305001582057496,5.713634829804341,1.909318679938029,.3705760281805022,.1013513593017304,.1878983633664615,.7288676923298303,1.464145406758709,.5721181914811341,.5107401704543707,2019,Middle East & North Africa,4.28936170212766,4.98,3.472878692659068,7.80726546219726,.7576524632511068,5.101159897863831,2.576863524650783,,,1965,4.792576410829751,,,,,,,40.3,0,1,0,0,0,.1214057,,25,17,1,.2,98.099998,.27777779,0,0,0,0,24,28,46,1,17,54,72,53,72,0,1,0,0,0,0,0,5.2727275,0,0,1,0,,0,0,0,0,0,4500000,,0,1,0,2.6538234,10.46854,1.6000016,2.6538234,13.122363,0,0,48,.36000001,1,Italy,Italy,0,,,Africa,Africa,1,1,1
Sri Lanka,LKA,0,1,0,0,0,0,1,0,,1797,,,,,1619,,1619,,1948,,,,,1656,,1948,0,151,0,0,0,0,37,0,Britain,151,141,0,188,1948,2,,,781.2905076506939,,,,,,7.89182330960297,99,6.879172424104512,Britain,1,6.52763021335808,7.960928735464458,4.724636005131194,6.790566965634829,6.550936890775342,6.612997950127792,1.275568921113967,.2159565834376615,.5193513146401945,.2437064870108448,.8240960396458374,.6852957975997822,.2702227534263924,.1852460437327247,2019,South Asia,6.72,8.163925418429324,5.074159881659048,7.98832439251948,5.46563330860663,6.886906729636234,1.414528375810781,,,1960,5.216791048596045,1970,5.098335152155051,1980,5.386059048261362,1990,5.697848793255457,65,1,0,0,0,0,.3257469,,7,81,0,6.8000002,7.1999998,.077777781,0,0,0,0,27,31,36,15,22,71,80,66,78,0,0,0,0,0,0,0,6.0454545,0,0,0,0,7.7319307,0,0,0,0,0,0,4.2456341,0,1,1,2.7390766,11.076434,85.599998,2.515933,13.815511,0,1,52,1.88,1,Britain,Britain,0,,,Asia,Asia,1,1,1
Lesotho,LSO,0,1,0,0,0,0,0,0,,1874,,,,,,,1874,,1966,,,,,,,1966,0,92,0,0,0,0,0,0,Britain,92,0,0,92,1966,1,,,730.5343294494538,,,,,,7.855207843542514,93,7.829785237350956,Britain,1,6.476943271794553,5.935568571246602,4.816460782226555,7.870100260212317,6.300296800913804,7.413966460979867,1.286067787729057,.1765275168446548,.5992577858302659,.5905205130403751,.2161148263934531,.525475382542763,.2048808400743289,.1884956007474294,2019,Sub-Saharan Africa,6.500030627871364,5.204865536362202,5.211400494723263,8.097810354559837,6.762610411503847,7.238622022783447,1.275278375671157,,,,,,,2005,6.174492630208568,2006,6.357591258451985,620.2,1,0,0,0,0,.2097619,.003,-29.5,28.5,1,43.5,0,.32555553,0,0,0,0,16,23,38,-9,6,51,75,25,42,0,0,0,0,0,0,0,,0,0,0,0,7.3065314,1,0,0,0,0,0,,0,1,0,-.71053749,10.320552,26.700001,,9.610014,0,0,34,.92000002,0,Britain,Britain,0,,,Africa,Africa,1,1,1
Morocco,MAR,0,0,1,0,0,0,0,1,,,1912,,,,,1884,1884,,,1956,,,,,1975,1975,0,0,44,0,0,0,0,91,Spain,91,0,44,91,1975,2,296.5458427551745,,,575.9873132099322,,,,,6.368855153029976,137,6.505502202030871,Spain,1,6.336154006788286,6.770206475844955,5.110383893252238,7.125108075396045,6.182683410398672,6.497941773405756,.8176472017282623,.2667169103964464,.1747153034625186,.3246441092455651,.1889308892504321,.4796746682973816,.5798053024443145,.1194033551514369,2019,Middle East & North Africa,6.739710365853659,6.692949577474707,5.699530467602557,7.424166088899137,6.898838398154426,6.991415511755306,.6405668781370578,,,1985,5.21248015689656,1995,5.979870067202495,2005,6.150609756097563,2015,6.550000000000001,241.3,0,1,0,0,0,.3479719,.045,32,-5,1,.2,99.400002,.35555556,1,0,0,0,24,27,48,0,12,87,92,59,72,1,0,0,0,0,0,0,7.090909,0,0,0,0,8.0423784,0,0,0,0,0,0,4.3592696,0,1,0,2.2064812,12.014494,.39999849,2.4941635,14.220976,1,0,25,1.35,1,Spain,France,0,,,Africa,Africa,1,1,1
Madagascar,MDG,0,0,1,0,0,0,0,0,,,1890,,,,,,1890,,,1960,,,,,,1960,0,0,70,0,0,0,0,0,France,70,0,0,70,1960,1,501.6674308202389,,,,,,,,7.065738462256886,71,7.81686086670639,France,1,6.066373836043489,7.589969553798362,3.035523273996199,7.589890638452526,6.293420682816167,5.828186274590829,1.885170680868867,.249226740839404,.5802951468087282,.1940245226875313,.4043141082320968,.2925949804572374,.3794113071437037,.2052631893606098,2019,Sub-Saharan Africa,6.319639934533552,7.70316606332526,3.017045547797896,7.96985871866868,6.689548673911794,6.196605202864899,1.980932211378192,,,1970,4.632112176089109,1980,3.91803841603555,1990,4.562519930944792,2000,5.664474405659157,116.9,0,1,0,0,0,.0627486,.008,-20,47,1,26,1.7,.22222222,1,0,0,0,18,27,35,1,12,85,94,49,71,1,0,0,0,0,0,0,4.4545455,0,0,0,0,6.8351846,0,0,0,0,0,0,6.2842088,0,1,0,.18540059,13.273435,50.299999,-1.0673624,13.458836,1,1,40,.69999999,0,France,France,0,,,Africa,Africa,1,1,1
Mexico,MEX,0,0,0,0,0,0,0,1,,,,,,,,1520,1520,,,,,,,,1821,1821,0,0,0,0,0,0,0,301,Spain,301,0,0,301,1821,1,,,,,,,,,,0,,,,6.953151723951208,7.726473511564595,4.930791889302506,8.012205299101613,7.231692057941727,6.868662462317718,1.232771665003016,.1422660110312697,.3924206942348384,.2009903282827666,.2990132081458463,.2436300645797448,.1774000279654198,.1409356475568148,2019,Latin America & the Caribbean,7.199887798036466,8.249111528056583,4.694629015446556,8.230005369440267,7.712994021250311,7.096590297748508,1.475824403997995,,,,,,,,,,,173.2,0,1,0,0,0,.1740741,.053,23,-102,0,94.699997,0,.25555557,0,1,0,0,16,23,32,-3,9,66,86,26,54,0,1,0,0,0,0,0,7.5,0,0,0,0,8.9437675,0,0,0,13,4,570000,4.2626801,1,1,0,.96302074,14.461927,4.1000032,.45219514,15.424949,1,0,179,3.01,0,Spain,Spain,0,,,America,America,0,1,0
Mali,MLI,0,0,1,0,0,0,0,0,,,1897,,,,,,1897,,,1960,,,,,,1960,0,0,63,0,0,0,0,0,France,63,0,0,63,1960,1,446.2028762769904,,,,,,,,6.971919941827975,64,7.81686086670639,France,1,5.715589223795604,6.245976437102725,3.580741793456185,6.778487272894705,6.08672676038827,5.893012755946904,1.301780493877422,.1615825334920816,.5080969629595098,.0854546431810392,.5382128418352972,.2955586163589651,.4947529111372099,.1466212346900521,2019,Sub-Saharan Africa,5.899914675767918,6.396741008285208,3.494592676875635,7.185048793909625,6.06458391924217,6.342790540330462,1.405985862646909,,,1975,5.019123130402916,1980,5.713150176490693,1990,5.882946597819961,2000,5.678137020296613,14.7,0,1,0,0,0,.8085691,,17,-4,1,.69999999,80,.18888889,1,0,0,0,29,36,47,8,19,33,94,18,73,0,1,0,0,1,0,0,4,0,0,0,0,6.5652652,1,0,0,0,0,0,7.986165,0,1,0,0,13.503692,19.1,-.40546507,13.503692,0,0,40,.63,0,France,France,0,,,Africa,Africa,1,1,1
Myanmar (Burma),MMR,0,1,0,0,0,0,0,0,,1879,,,,,,,1879,,1948,,,,,,,1948,0,69,0,0,0,0,0,0,Britain,69,0,0,69,1948,1,,,549.317426320218,,,,,,7.847391804574543,70,6.879172424104512,Britain,1,4.58339922176623,6.179399665993472,3.39020954037259,5.36979295863107,3.230118592067206,4.862313593073078,1.478956983642228,.8453653193710309,.9481618442675215,.4613560072985661,1.077379787751479,1.814605422517809,.6400431633193793,.2156262633362213,2019,East Asia & Pacific,5.560622895622895,7.345035230345803,3.813737379893435,6.493587295266582,4.889161729694126,5.252761977836344,1.383092712148607,,,1960,4.913258682226676,1970,4.599093925338761,1980,4.549730150173139,1990,3.535548816388415,198.8,0,0,1,0,0,.3839685,,22,98,0,.89999998,3.5999999,.24444444,0,0,0,0,28,34,41,13,22,71,89,52,88,0,0,0,0,0,0,0,5.7727275,0,0,0,0,,0,0,0,0,0,0,3.5438535,0,1,1,1.8055289,13.396276,92.300003,1.1123817,15.201805,1,0,52,.69,0,Britain,Britain,0,,,Asia,Asia,1,1,1
Mozambique,MOZ,0,0,0,0,0,0,1,0,,,,,,,1695,,1695,,,,,,,1974,,1974,0,0,0,0,0,0,279,0,Portugal,279,0,0,279,1974,1,,792.7413055643553,,,,,,,6.341930444514842,125,6.898178008967081,Portugal,1,5.823556829511466,6.109080283092241,4.098333885386804,7.174890237165951,6.179492714393573,5.603343861477633,1.176064104318791,.273912302266757,.5301712456214559,.5231248423279974,.8238332706000977,.3940090971250904,.3985863145208587,.408703928954596,2019,Sub-Saharan Africa,6.46968152866242,6.755149766269934,4.462546238757203,8.00911751462273,6.908392159552259,6.22916183923692,1.297132716481767,,,,,2003,5.708259383209182,2004,5.874923890748136,2014,5.621035031847134,61.2,0,1,0,0,0,.7863327,.009,-18.25,35,1,31.4,13,.20166667,0,0,1,0,27,34,46,7,17,65,75,57,67,1,0,0,0,0,0,0,6.5,0,0,0,0,6.4614682,0,0,0,0,0,0,,0,1,0,.24323148,13.572279,48.799999,-.96074134,13.815511,1,0,26,2.79,0,Portugal,Portugal,0,,,Africa,Africa,1,1,1
Mauritania,MRT,0,0,1,0,0,0,0,1,,,1882,,,,,1884,1882,,,1960,,,,,1975,1975,0,0,78,0,0,0,0,91,Spain,91,0,76,93,1975,2,565.6263834139293,,,575.9873132099322,,,,,6.67610348902843,171,6.505502202030871,Spain,1,5.725938678008835,5.658497832432451,3.395526117021677,6.679119826344562,5.951189380055376,6.853559342730354,1.489194515553535,.286121676022065,.2261172633346156,.181029824408186,1.284533179470853,.2670914373728052,.2701723013729114,.2032818093199002,2019,Sub-Saharan Africa,6.263676012461058,5.782896777283594,3.55864073112388,8.018355172426276,6.701867117329594,7.216690259339948,1.712249413692139,,,,,,,2005,5.338653741952013,2015,5.64303738317757,11.5,0,1,0,0,0,.27,,20,-12,1,.30000001,99.400002,.22222222,1,0,0,0,27,36,46,7,22,51,88,30,69,0,1,0,0,0,0,0,,0,0,0,0,7.4145727,0,0,0,0,0,0,5.6347895,0,1,0,1.0986123,12.23098,.29999846,.69314718,13.329592,0,0,25,1.6900001,1,Spain,France,0,,,Africa,Africa,1,1,1
Mauritius,MUS,0,1,1,0,0,0,0,0,,1810,1715,,,,,,1715,,1968,1810,,,,,,1968,0,158,95,0,0,0,0,0,Britain,158,0,0,253,1968,2,,,936.4020783347346,,,,,,7.868925028022979,119,7.801376262046121,Britain,1,7.772104203537478,7.771717467999466,5.701083833387597,9.478591324182153,8.138971995520798,7.788445489949534,1.38235978216687,.3719189367118952,.4119352541996765,.7208461812596733,.1615363803587075,.5918869021767652,.3832078726035251,.2293175536514591,2019,Sub-Saharan Africa,8.199594423320658,7.905083109006592,6.859412992595375,9.752985660115449,8.532038815829951,7.94964832074341,1.05698149911882,,,1980,4.866157023831875,1990,5.993609879336147,2000,7.289188985730794,2008,7.949961721140426,94.90000000000001,0,1,0,0,0,.7084848,.106,-20.2833,57.55,1,31.200001,16.4,.22411111,0,0,0,0,23,27,35,10,18,80,90,56,74,0,0,0,0,0,0,0,,0,0,0,0,9.0536861,0,0,0,0,0,0,3.4177268,0,1,0,,7.6157908,51.5,,,0,1,32,2.53,1,Britain,Britain,0,,,Africa,Africa,1,1,1
Malawi,MWI,0,1,0,0,0,0,0,0,,1891,,,,,,,1891,,1964,,,,,,,1964,0,73,0,0,0,0,0,0,Britain,73,0,0,73,1964,1,,,572.8050705743487,,,,,,7.740609061815523,74,7.844123323367317,Britain,1,5.776474019316524,6.430892691278972,5.18475377394918,5.250442718438619,5.783339735235169,6.262185865940261,.859750588473948,.3806588447436138,.4522090585489132,.2523276149768,1.399290460875352,.52130050735708,.4790186091866738,.2628843084671701,2019,Sub-Saharan Africa,5.940066777963272,6.316351314631211,4.808028773703295,6.994506855517499,5.002605897951834,6.587407195554761,.9788784161988018,,,1975,5.136381496869101,1985,5.128464047393543,1995,4.732646242321254,2004,5.157217100965378,102.7,1,0,0,0,0,.6224373,.015,-13.5,34,1,27.6,16.200001,.14777778,0,0,0,0,19,28,34,-1,13,50,89,28,66,0,0,0,0,0,0,0,6.818182,0,0,0,0,6.4614682,0,0,0,0,0,0,,0,1,0,-.2357223,11.4519,24.699999,-.92381895,11.216179,0,0,36,.73000002,0,Britain,Britain,0,,,Africa,Africa,1,1,1
Malaysia,MYS,0,1,0,0,0,0,1,0,,1847,,,,,1511,,1511,,1958,,,,,1641,,1958,0,111,0,0,0,0,130,0,Portugal,130,206,0,241,1958,2,,,857.8695033443394,,,,,,7.870362416003114,109,7.840422275002012,Britain,0,6.803941527993087,5.949375292932271,5.315404234001541,7.552644853100004,7.231957927699176,7.970878563955101,1.194492168055679,.4751680470051547,.5776903848563739,.2909638473409512,1.070126926783405,.1884112136495546,.6251909322690767,.2031836087967712,2019,East Asia & Pacific,7.519769021739131,7.043379894106598,5.834874145356061,8.41467707190521,7.6273967626456,8.668595069378911,1.139960864691829,,,1970,6.527974128305193,1980,6.906606444081052,1990,7.209489202666807,2000,6.613514478738699,100.9,1,0,0,0,0,.6103704,,2.5,112.5,0,2.8,49.400002,.025555555,0,0,0,0,28,35,37,18,21,95,97,58,66,0,0,0,0,0,0,0,7.9545455,0,0,0,0,8.8942585,0,0,0,0,0,192000,2.8735647,0,1,1,.19677547,12.702444,46.399998,-.49637172,12.89922,1,0,42,2.4100001,1,Portugal,Britain,0,,,Asia,Asia,1,1,1
Namibia,NAM,0,1,0,1,0,0,0,0,,1915,,1882,,,,,1882,,1920,,1914,,,,,1920,0,5,0,32,0,0,0,0,Germany,32,0,0,37,1920,2,,,40.89524328420071,,,,,261.6485428980542,7.757532979032178,39,7.301860481240547,Britain,0,6.639189533199269,6.506453974900099,6.434223718964357,6.393975776922384,6.039700440784095,7.83319891438164,.7663537983136941,.115623741174287,.6019269572741438,.1983135655232677,.3179925234227947,.1927222324047843,.1745552287840265,.1005678519366783,2019,Sub-Saharan Africa,6.749726443768997,6.963262264024039,6.277716443182627,6.69731690842818,6.169966578329324,7.629787275707366,.5877380192634399,,,,,,,,,,,91.3,1,0,0,0,0,.7283334,.117,-22,17,1,19.1,0,.24444444,0,0,0,0,18,25,36,-4,9,27,62,11,35,1,1,0,0,0,0,0,,0,0,0,0,8.5151911,0,0,0,0,0,0,,0,1,0,-1.9661129,13.621064,16.700003,-2.6450753,11.654951,0,0,80,.37,1,Germany,Britain,0,,,Africa,Africa,1,1,1
Niger,NER,0,0,1,0,0,0,0,0,,,1910,,,,,,1910,,,1960,,,,,,1960,0,0,50,0,0,0,0,0,France,50,0,0,50,1960,1,342.4807160464994,,,,,,,,6.715308157774498,51,7.81686086670639,France,1,5.119079399200798,6.61130170113155,3.364974589514169,6.810231954103983,4.252995721740324,4.666568799241499,1.56416151945025,.3371437521793548,.7170347251739114,.1758215894241146,.4375875905834734,.4655446124124087,.6308484804572617,.1720002691299065,2019,Sub-Saharan Africa,5.620585284280937,6.642160176593628,3.693672726668571,7.161773444101476,4.962004487975578,5.643943388188606,1.375331087112499,,,1975,4.942095359280843,1980,4.709627459105612,1990,4.471470049689614,2000,4.809948398833237,17.8,0,1,0,0,0,.7329143,,16,8,1,.2,87.900002,.17777778,1,0,0,0,29,38,46,8,19,26,91,11,68,0,1,0,0,0,0,0,5,0,0,0,0,6.7334018,1,0,0,0,0,0,5.9914646,0,1,0,0,13.541101,11.899999,-.40546507,13.541101,1,0,40,.5,0,France,France,0,,,Africa,Africa,1,1,1
Nigeria,NGA,0,1,0,0,0,0,0,0,,1874,,,,,,,1874,,1960,,,,,,,1960,0,86,0,0,0,0,0,0,Britain,86,0,0,86,1960,1,,,683.419215185308,,,,,,7.855393277992046,87,7.936265116145708,Britain,1,6.219615587561713,8.025757611649073,3.416630399759634,6.848177417424272,5.666934934340491,7.145741956497895,1.835108888163398,.6074291939063888,.7014440406318491,.3836865891553161,1.250436602829055,.6275878308671308,.5439626024082631,.2283372284446137,2019,Sub-Saharan Africa,7.029508196721312,8.707827601644704,3.697834591658906,8.731445187737329,6.058002958977751,7.932181721761657,2.154759526780513,,,1970,3.286413250319853,1980,3.684896212874933,1990,3.820299223321781,2000,5.026901586385942,31.2,1,0,0,0,0,.8567090000000001,,10,8,1,12.1,45,.11111111,0,0,0,0,28,34,40,16,21,81,87,65,80,1,0,0,0,1,0,0,5.5454545,0,0,0,0,6.8134446,0,0,0,0,0,168000,7.6029005,0,1,0,1.442202,13.722046,27.099998,.99028438,15.164248,1,0,40,.86000001,0,Britain,Britain,0,,,Africa,Africa,1,1,1
Nicaragua,NIC,0,0,0,0,0,0,0,1,,,,,,,,1523,1523,,,,,,,,1821,1821,0,0,0,0,0,0,0,298,Spain,298,0,0,298,1821,1,,,,,,,,,,0,,,,7.246715286718983,7.719733917269198,4.268985620350144,8.943664117490259,8.161235650265436,7.136839573189382,1.820997139902284,.1353752945487661,.6319211855365786,.1775385628491374,.3175162821757799,.1282519750357033,.2629476098957997,.1184155500483264,2019,Latin America & the Caribbean,7.039708029197079,6.24428428673557,4.280639314805886,9.54694082174872,8.133820206709816,6.988794463937395,1.983119116854204,,,,,,,,,,,99.2,0,1,0,0,0,.0991796,.035,13,-85,0,94.699997,0,.14444445,0,1,0,0,27,31,34,20,23,80,92,44,70,0,0,0,0,0,0,0,5.2272725,0,0,0,0,7.544332,0,0,0,0,0,0,5.0955892,1,1,0,.43178239,11.706846,.90000296,.14323421,12.138629,0,0,179,2.98,0,Spain,Spain,0,,,America,America,0,1,0
New Zealand,NZL,0,1,0,0,0,0,0,0,,1840,,,,,,,1840,,1909,,,,,,,1909,0,69,0,0,0,0,0,0,Britain,69,0,0,69,1909,1,,,492.2557126259027,,,,,,8.204261877098379,60,8.45626584385472,Britain,1,8.457254727810497,6.367421633581167,8.537816469776384,9.584746283717246,8.895237474670012,8.884437548231011,1.235574797950081,.1144184194977959,.3076999653812228,.1766055439172047,.0923004029215762,.1177919077714184,.2496321225028732,.115817133648817,2019,East Asia & Pacific,8.559649758454107,6.716090624279961,8.680019499908175,9.668754206047826,8.763556557998117,8.97559292438628,1.102031293183295,,,,,,,,,1950,6.358184202070175,203.8,1,0,0,0,0,.1475699,.659,-41,174,0,18.700001,0,.45555556,0,0,0,1,15,19,31,-2,5,73,81,67,78,0,0,0,0,0,0,0,9.727273,0,0,0,0,9.7561474,0,0,0,0,0,48300,2.1459312,0,1,0,-.99425226,12.498705,43.399998,,11.504453,1,1,91,.69,0,Britain,Britain,0,,1,Oceania,Oceania,1,1,1
Pakistan,PAK,0,1,0,0,0,0,0,0,,1830,,,,,,,1830,,1947,,,,,,,1947,0,117,0,0,0,0,0,0,Britain,117,0,0,117,1947,1,,,774.4113352265895,,,,,,7.902156481903974,98,6.578671163845762,Britain,1,5.845580911557435,7.990266358735143,3.304208916536709,6.200141084867373,5.526753577062235,6.213970428358141,1.710200089606231,.2402497443717091,.3555431253858211,.1959596486245139,.334755548365874,.4972654316427167,.2609181330325641,.0688759418708543,2019,South Asia,6.000049668874172,8.227789332789722,3.622871957482007,6.419877485849267,5.670735787972532,6.048977602925592,1.650823648046713,,,1960,5.043305580018517,1970,4.770586250667034,1980,4.601200515736316,1990,5.065541852186771,194.9,1,0,0,0,0,.6215599000000001,,30,70,0,.5,96.800003,.33333334,0,0,0,0,22,24,48,-4,17,19,54,19,54,1,1,0,0,0,0,0,6.0454545,0,0,0,0,7.3524413,0,0,0,0,0,3220,3.6106477,0,1,1,3.1654751,13.555288,1.899997,2.9295924,16.720762,1,0,53,1.17,0,Britain,Britain,0,,,Asia,Asia,1,1,1
Panama,PAN,0,0,0,0,0,0,0,1,,,,,,,,1514,1514,,,,,,,,1820,1820,0,0,0,0,0,0,0,306,Spain,306,0,0,306,1820,1,,,,,,,,,,0,,,,7.631288480886587,7.935063753989968,5.347830722287845,9.308203074871102,8.534386517578813,7.016003816069267,1.538219797948008,.1300074555531513,.2600892978141121,.1834007021652277,.3763944148149664,.259978992970215,.1214214856047836,.142334360249867,2019,Latin America & the Caribbean,7.739611260053619,7.803153553996974,5.529880765853902,9.504009721851007,8.925719021246071,6.956910119567929,1.582673975481665,,,,,,,,,,,154,0,1,0,0,0,.1908333,.217,9,-80,0,85,4.5,.1,0,1,0,0,27,34,36,17,21,81,91,78,92,0,0,0,0,0,0,0,5.909091,0,0,0,0,8.8363743,0,0,0,0,0,0,5.0955892,1,1,0,.43178239,11.217614,5.3000002,.14323421,11.649397,0,0,180,3.0599999,0,Spain,Spain,0,,,America,America,0,1,0
Peru,PER,0,0,0,0,0,0,0,1,,,,,,,,1532,1532,,,,,,,,1823,1823,0,0,0,0,0,0,0,291,Spain,291,0,0,291,1823,1,,,,,,,,,,0,,,,7.718677798430759,7.988829467184753,5.223989759163382,9.455481037921773,8.60945017022804,7.316139916362703,1.616466232467141,.0729321551519159,.2354286541642635,.2930417968209135,.2220058784702053,.1521331454374996,.2741035125281292,.1322795604923364,2019,Latin America & the Caribbean,7.779627163781625,7.728554152619379,5.307686918515476,9.717451134153611,8.697122122897689,7.446934110558503,1.644744691923157,,,,,,,,,,,134.7,0,1,0,0,0,.4315909,.044,-10,-76,0,95.099998,0,.11111111,0,1,0,0,22,26,34,9,16,92,95,64,80,0,1,0,0,0,0,0,5.7727275,0,0,0,0,8.3961544,0,0,0,9,5,16600,4.2626801,1,1,0,.4462871,14.06237,2.2000015,.15860502,14.508657,1,0,177,2.9100001,0,Spain,Spain,0,,,America,America,0,1,0
Philippines,PHL,0,0,0,0,0,0,0,1,,,,,,,,1565,1565,,,,,,,,1898,1898,0,0,0,0,0,0,0,333,Spain,333,0,0,333,1898,1,,,,319.7157749261659,,,,,6.524811733187058,49,6.505696166769553,Spain,1,7.122051513980476,8.406900970967545,4.337627428838537,9.019269759956183,6.656025254657381,7.184440468338137,1.843329412032758,.2119110549204287,.2503618532773741,.218537200364931,.6460338465086125,.2883251540844069,.2823055186524812,.1406009259409252,2019,East Asia & Pacific,7.339647887323943,8.162186743871137,4.409099213474739,9.558192568320292,7.070133400199444,7.479596604959256,1.889363482046877,,,,,,,,,,,202.8,0,1,0,0,0,.7238207,.005,13,122,0,84.099998,4.3000002,.14444445,0,0,1,0,27,34,38,14,22,85,93,55,74,0,0,0,0,0,0,0,5.4545455,0,0,0,0,8.0986433,0,0,0,0,0,2220,,0,1,1,.51694429,12.605419,7.8000011,-1.0924935,13.122363,1,0,102,3.3299999,0,Spain,Spain,0,,,Asia,Asia,1,1,1
Papua New Guinea,PNG,0,1,0,0,0,0,0,0,,1884,,,,,,,1884,,1912,,,,,,,1912,0,28,0,0,0,0,0,0,Britain,28,0,0,28,1912,1,,,244.0585823701026,,,,,,8.415813185175953,29,8.450047396104981,Britain,1,6.008027783924696,6.106795457709838,4.539367621486156,6.914726178316736,5.999683460619125,6.448058112234131,.9665923624209466,.371112815835205,.5483557883195093,.6536309235168882,.5553213358567614,.6732492908087314,.1687696570766833,.2338717919382101,2019,East Asia & Pacific,6.010258899676375,5.687070448968484,4.581916124441126,6.619491201272113,6.748126843116622,6.431694727756424,.8996912361646767,,,,,,,1950,5.718045649604398,1955,5.718045649604398,158.9,1,0,0,0,0,.8027273,,-6,147,0,32.799999,0,.06666667,0,0,0,0,28,32,37,18,21,72,78,69,78,0,0,0,0,0,0,0,7.2727275,0,0,0,0,,0,0,0,0,0,81500,5.1357985,0,1,1,.42526773,13.023338,8.7999992,,13.448606,0,0,88,.28,0,Britain,Britain,0,,,Asia,Asia,1,1,1
Paraguay,PRY,0,0,0,0,0,0,0,1,,,,,,,,1537,1537,,,,,,,,1811,1811,0,0,0,0,0,0,0,274,Spain,274,0,0,274,1811,1,,,,,,,,,,0,,,,6.977523008444399,8.549622089347055,4.110565245728436,8.871360168399312,7.358569600875643,5.98694579351611,1.988686149502355,.1244012774167832,.2615788876345613,.167510917610687,.3530395975910349,.2659775766504204,.5171400853120441,.1016500188980226,2019,Latin America & the Caribbean,7.109784791965566,8.133759499539796,4.371701931414395,9.49720979337553,7.20015810701531,6.355401083782795,1.925010706695925,,,,,,,,,,,24.5,0,1,0,0,0,.4111111,.08,-23,-58,0,96,0,.25555557,0,1,0,0,22,37,43,-2,12,73,89,48,62,0,0,0,0,0,0,0,6.9545455,0,0,0,0,8.2079468,1,0,0,0,0,0,4.3579903,1,1,0,-.68637431,12.892447,2.0999999,-1.3795215,12.206073,0,0,189,2.74,0,Spain,Spain,0,,,America,America,0,1,0
Qatar,QAT,0,1,0,0,0,0,0,0,,1914,,,,,,,1914,,1970,,,,,,,1970,0,56,0,0,0,0,0,0,Britain,56,0,0,56,1970,1,,,425.9788275517371,,,,,,7.473312764065564,57,7.910019495466948,Britain,1,7.129742857142856,5.979123707277884,5.461932198399751,8.438498274801622,8.114664154515633,7.657377241278955,1.351929416368199,.0978203434457104,.0544561952569551,.1006854790021394,.3503979118775279,.186867219078827,.4367210332118697,.1007587105153447,2019,Middle East & North Africa,7.109828571428571,5.937786996847097,5.367647202149255,8.421886114397703,8.362553619532783,7.465188610914981,1.398746417988889,,,,,,,,,2010,7.159185714285715,18.1,0,1,0,0,0,,,25.5,51.25,0,,,,,,,,,,,,,,,,,,,,,,,,,,,,,,,,,,,,,0,,1,,,,,,,0,30,.56,0,Britain,Britain,0,,1,Asia,Asia,1,1,1
Rwanda,RWA,1,0,0,1,0,0,0,0,1919,,,1894,,,,,1894,1962,,,1915,,,,,1962,43,0,0,21,0,0,0,0,Belgium,43,4,0,64,1962,2,,,,,323.338720729983,,,172.9732661793483,7.519878589535323,66,8.55376417390816,Belgium,1,6.614370517198376,5.675840498081706,5.439924172277827,8.326180729531972,6.202878468224248,7.558161439649207,1.389596276939012,.5815407094192725,.4214038994972216,.6728248896458265,.8704940676466913,1.130022290585415,.7138740769115004,.1896520509864867,2019,Sub-Saharan Africa,7.249493487698987,5.083642077960032,6.192795489399485,9.301274210437649,7.914970945539724,7.767525540910134,1.637720375415212,,,1975,3.355637766656576,1985,4.523617753760885,1995,4.071255978384796,2002,5.922911520627109,330.9,0,1,0,0,0,.0608621,.001,-2,30,1,55.599998,8.6000004,.022222223,0,0,0,0,20,24,27,12,14,59,83,59,83,0,0,0,0,0,0,0,,0,0,0,1,6.4769726,1,0,0,0,0,0,5.6347895,0,1,0,3.2188759,10.113343,24.200001,2.4849067,13.332219,0,0,38,.63999999,1,Belgium,Germany,0,,,Africa,Africa,1,1,1
Sudan,SDN,0,1,0,0,0,0,0,0,,1898,,,,,,,1898,,1956,,,,,,,1956,0,58,0,0,0,0,0,0,Britain,58,0,0,58,1956,1,,,451.0227439543268,,,,,,7.64445328736147,59,7.76073424348838,Britain,1,3.859823784979108,6.847186862423396,2.556400316515933,3.665439599710842,2.498980495190336,3.778898876435882,1.887192721233125,.2903865293003887,.1336965371291569,.124589227902641,1.610227206214372,.2349218365863507,.2685596346686924,.0198287443839302,2019,Sub-Saharan Africa,3.581492890995261,6.66188757020488,2.736858790408285,1.937590982959198,2.420529296806866,4.128720556017022,1.907344390004681,,,,,,,,,,,44.2,1,0,0,0,0,.51218,,15,30,1,4.4000001,73,.16666667,0,0,0,0,29,40,48,5,19,18,67,10,41,0,1,0,0,1,0,0,4,0,0,0,0,7.3065314,0,0,0,0,0,10900,4.4796071,0,1,0,2.6411395,12.560665,22.5,.050872296,15.201805,0,0,44,.57999998,0,Britain,Britain,0,,,Africa,Africa,1,1,1
Senegal,SEN,0,1,1,0,0,0,0,0,,1693,1770,,,,,,1693,,1817,1960,,,,,,1960,0,124,190,0,0,0,0,0,France,190,0,47,267,1960,2,803.7689903857022,,,,,,,,7.241162075546867,111,7.81686086670639,France,1,5.868850874026608,6.749358612507396,3.798239722068314,7.034088334293569,6.349494444261696,5.425989006304474,1.340112113227888,.2170607870044827,.5254350927531244,.3452626181569964,.1647494124611115,.3406605378638977,.361624247880404,.1447329395798442,2019,Sub-Saharan Africa,6.259653465346535,7.20708302106262,4.347706122169481,7.106556312156715,6.810185783845632,5.829660461975116,1.199832065783426,,,1970,4.697380837132098,1980,4.754149948696608,1990,5.403037095276582,2000,5.751477854890338,24.4,0,1,0,0,0,.7788682,.012,14,-14,1,5.5999999,91,.15555556,1,0,0,0,28,35,43,12,21,70,88,45,74,0,1,0,0,1,0,0,6,0,0,0,0,7.4024515,0,0,0,0,0,0,5.1038828,0,1,0,1.442202,12.168007,3.3000002,.99028438,13.610209,0,0,40,3.1400001,1,France,France,0,,,Africa,Africa,1,1,1
Singapore,SGP,0,1,0,0,0,0,0,0,,1821,,,,,,,1821,,1961,,,,,,,1961,0,140,0,0,0,0,0,0,Britain,140,0,0,140,1961,1,,,881.5818859150568,,,,,,7.871266838527292,112,7.887395494277882,Britain,1,8.751067135130153,7.612909306297998,8.302838061157473,9.556259139550944,9.412019819198321,8.872643373302347,.8199805903015062,.0779986028557985,.2402396742993448,.1003378711253735,.2061667290313902,.1612090122830349,.2199353183489689,.1188457038680404,2019,East Asia & Pacific,8.809611307420496,7.54419648375486,8.275551584098912,9.75913687718938,9.438719844837451,9.006157915252764,.8975499087124499,,,1975,7.531778833789142,1985,8.13647040520196,1995,8.841449007989599,2001,8.558946111763582,1.6,1,0,0,0,0,.3215287,,1.3667,103.8,0,4.6999998,17.4,.013555556,0,0,0,0,28,33,36,19,21,76,82,70,78,0,0,0,0,0,0,0,9.318182,0,0,0,0,10.146434,0,0,0,0,0,0,2.8735647,0,1,1,-2.4378941,6.4134588,75.300003,,3.975565,0,1,39,1.4,0,Britain,Britain,0,,,Asia,Asia,1,1,1
Sierra Leone,SLE,0,1,0,0,0,0,0,0,,1838,,,,,,,1838,,1961,,,,,,,1961,0,123,0,0,0,0,0,0,Britain,123,0,0,123,1961,1,,,881.5818859150568,,,,,,7.871266838527292,112,7.887395494277882,Britain,1,5.700697278915358,7.326593339696897,3.833227400128569,6.710628004257748,5.484861443114114,5.151104287826411,1.442494063866969,.5241335125767196,.8734803931241409,.6579529814127806,.4039357636848716,.845014405724138,.7207814865267554,.3009536667431904,2019,Sub-Saharan Africa,5.850217028380634,7.714076879070321,4.417967902275964,7.102194165132224,5.85478281303936,4.186705836906415,1.570026013608198,,,1975,4.345624564839108,1985,3.210575863125122,1995,4.248010395256186,2001,4.685540322275057,49.8,1,0,0,0,0,.8129566,,8.5,-11.5,1,2.2,39.400002,.092222221,0,0,0,0,25,31,33,13,20,73,83,70,79,1,0,0,0,0,0,0,5.818182,0,0,0,0,6.253829,0,0,0,0,0,0,6.1800165,0,1,0,1.442202,11.17913,53.599998,.99028438,12.621331,0,0,39,1.23,0,Britain,Britain,0,,,Africa,Africa,1,1,1
El Salvador,SLV,0,0,0,0,0,0,0,1,,,,,,,,1525,1525,,,,,,,,1821,1821,0,0,0,0,0,0,0,296,Spain,296,0,0,296,1821,1,,,,,,,,,,0,,,,7.473770800006899,8.575328900667557,4.617854374123096,9.584358024326843,7.87344273045359,6.70697414929541,1.920275735128105,.1601947026584151,.1978480085706975,.238482223216858,.1307184764070169,.2367173882453725,.4460246352820992,.1163556600435249,2019,Latin America & the Caribbean,7.33969144460028,8.469277046452124,4.331547257505986,9.723616900012987,7.845974737667722,6.337928472351372,2.077728804086564,,,,,,,,,,,175,0,1,0,0,0,.0514286,.045,13.8333,-88.91670000000001,0,96.199997,0,.15000001,0,1,0,0,9,20,42,-25,8,71,85,46,76,0,0,0,0,0,0,0,5,0,0,0,0,7.9480319,0,0,0,0,0,0,4.3579903,1,1,0,.43178239,9.9388552,1.400003,.14323421,10.370637,0,0,179,2.96,0,Spain,Spain,0,,,America,America,0,1,0
Somalia,SOM,0,1,0,0,1,0,0,0,,1885,,,1905,,,,1885,,1956,,,1936,,,,1956,0,71,0,0,31,0,0,0,Britain,71,0,31,71,1956,2,,,560.2407030382039,,,211.5580383819463,,,7.421141744424522,104,7.76073424348838,Britain,1,6.001240063593005,8.290554461990508,2.31854619479758,6.65940172957353,7.100275730801272,5.598961838601572,2.269679638888817,,,,,,,,2019,Sub-Saharan Africa,6.001240063593005,8.290554461990508,2.31854619479758,6.65940172957353,7.100275730801272,5.598961838601572,2.269679638888817,,,,,,,,,,,65,1,0,0,0,0,.079116,,10,49,1,0,99.800003,.11111111,0,0,0,0,28,30,36,15,21,78,85,75,80,1,1,0,0,0,0,0,3,0,0,0,0,,0,0,0,0,0,0,,0,1,0,.24312304,13.349244,.19999695,-.45002413,13.592367,0,0,44,1.02,1,Britain,Britain,0,,,Africa,Africa,1,1,1
Suriname,SUR,0,0,0,0,0,1,0,0,,,,,,1642,,,1642,,,,,,1964,,,1964,0,0,0,0,0,322,0,0,Netherlands,322,0,0,322,1964,1,,,,,,,918.4717554638754,,7.986710917077177,115,8.410577476844733,Netherlands,1,6.223194953415406,5.375338785296802,4.828679326848873,8.149521712307978,5.998006981297672,6.765636054268258,1.35739319040895,.3010976652075472,.4439298991288953,.2862248227940512,1.170185046440055,.2417331835028116,.5540892381665766,.4621454898518522,2019,Latin America & the Caribbean,5.9996735395189,5.74818810217666,4.472109584065801,7.875460491793393,5.555478509915606,6.36520537713843,1.249613006654829,,,,,,,,,2010,6.549853223273812,30.7,0,1,0,0,0,.75,.04,4,-56,0,36,13,.044444446,0,0,1,0,27,33,37,17,19,87,92,66,80,0,0,0,0,0,0,0,4.681818,0,0,0,0,8.0100002,0,0,0,0,0,0,3.4713452,1,1,0,-1.5464631,11.957611,14.400002,-.18272163,10.411148,0,0,36,3.22,0,Netherlands,Netherlands,0,,,America,America,1,1,1
Swaziland,SWZ,0,1,0,0,0,0,0,0,,1897,,,,,,,1897,,1968,,,,,,,1968,0,71,0,0,0,0,0,0,Britain,71,0,0,71,1968,1,,,553.5730592646851,,,,,,7.688514712009515,72,7.801376262046121,Britain,1,6.149098881109186,5.395076362809924,3.634072005328039,7.899890683170736,6.295098298708013,7.523298623814628,1.743539973303359,.0689506890851655,.421363576185376,.174093065286223,.1832261797384948,.3635381119098098,.1846535491077043,.1239888768056499,2019,Sub-Saharan Africa,6.139341421143847,5.86209102711215,3.810538557616286,7.855261220935455,5.998994902557706,7.150174045134353,1.539965409740878,,,,,,,,,2010,6.068504402079724,306.3,1,0,0,0,0,0,.021,-26.5,31.5,1,10.8,.1,.2922222,0,0,0,0,,,,,,,,,,,,,,,,,,0,0,0,0,8.1077204,1,,,,,,,0,1,0,-.71053749,9.7526646,55.199997,,9.0421276,0,0,32,.70999998,0,Britain,Britain,0,,,Africa,Africa,1,1,1
Seychelles,SYC,0,1,1,0,0,0,0,0,,1814,1756,,,,,,1756,,1976,1794,,,,,,1976,0,162,38,0,0,0,0,0,Britain,162,20,0,200,1976,2,,,998.8902227300139,,,,,,7.865277344330818,127,7.666446438344086,Britain,1,7.431740322527729,7.175470486136987,5.556884984106599,8.777068768882245,8.170898399539857,7.481101173796353,1.235860769638513,.242660686734167,.3329314772722728,.1573024605278444,.7213264428689848,.2774642143436444,.1443369490013132,.1542053036570091,2019,Sub-Saharan Africa,7.629116809116809,7.106310052023868,5.709583155824982,9.259455599790064,8.340270268982168,7.712058315881045,1.334962109118986,,,,,,,2011,6.995719707173916,2016,7.569202279202279,488.5,0,1,0,0,0,0,,-4.5833,55.6667,1,,,,,,,,,,,,,,,,,,,,,,,,,,,,,,,,,,,,,0,,0,,,,,,,1,24,2,1,Britain,Britain,0,,1,Africa,Africa,1,1,1
Syria,SYR,0,0,1,0,0,0,0,0,,,1922,,,,,,1922,,,1944,,,,,,1944,0,0,22,0,0,0,0,0,France,22,0,0,22,1944,1,153.5103084356418,,,,,,,,6.674361236332253,23,5.152050090245226,France,1,5.267422411642192,6.18209433909009,3.249154723570225,6.793902571268371,4.362397429633112,5.895470697442932,1.580139605687413,.4435311094250254,.4421619572680736,.3350037927958167,1.160077171668758,.8937177568934616,.6032252999427918,.2407651008320552,2019,Middle East & North Africa,4.979245689655173,6.446586185935932,3.026002591333619,6.050014381025749,4.218450942473265,5.175445068928457,1.390324870931532,,,1955,6.493727489010649,1965,5.340932341715272,1975,4.168448408454724,1985,3.259050086320483,75.59999999999999,0,1,0,0,0,.094792,,35,38,0,,,,,,,,,,,,,,,,,,,,,,,,,,,,,,,,,,,,,0,,1,,,,,,,0,56,.22,0,France,France,0,,1,Asia,Asia,1,1,1
Chad,TCD,0,0,1,0,0,0,0,0,,,1899,,,,,,1899,,,1960,,,,,,1960,0,0,61,0,0,0,0,0,France,61,0,0,61,1960,1,430.3582740822919,,,,,,,,6.941262485198257,62,7.81686086670639,France,1,5.183036933345696,7.099418488500592,2.608730723150552,6.222428748845312,4.940174446518762,5.026633114138751,1.712789165165972,.215412466790987,.6928099150691492,.1158806354431247,.4747771653265326,.181650071656466,.2108932304993629,.2643074887309599,2019,Sub-Saharan Africa,5.629856115107913,8.602556642397426,2.688898422705689,6.906308829010343,5.067862941423567,4.868204535204906,2.236705938714722,,,1975,5.118793109851652,1980,4.915152154306017,1990,4.651689941127233,2000,5.294056286708452,41.9,0,1,0,0,0,.6662003,,15,19,1,21,44,.16666667,1,0,0,0,28,36,46,8,19,32,93,10,72,0,1,0,0,0,0,0,,0,0,0,0,6.8351846,1,0,0,0,0,0,5.6347895,0,1,0,0,13.535162,23.4,-.40546507,13.535162,0,0,40,.61000001,0,France,France,0,,,Africa,Africa,1,1,1
Togo,TGO,0,0,1,1,0,0,0,0,,,1922,1884,,,,,1884,,,1960,1914,,,,,1960,0,0,38,30,0,0,0,0,France,38,8,0,68,1960,2,260.4351167995113,,,,,,,246.4407979170323,7.241084495950622,70,7.81686086670639,France,1,5.499078342198022,7.251081958072544,3.630288859715837,6.79353250667359,5.391953398480963,4.400887516222221,1.594144203256774,.2753194874974992,.7609425350408927,.8078021959600524,.2453976629110855,.2955206953606963,.6640273847858857,.4152935250665603,2019,Sub-Saharan Africa,6.070193548387097,7.425551687580064,5.098194128382933,7.214422452184515,5.026010519143675,5.591011402524668,1.163074428391251,,,1975,4.189902114363803,1980,3.979881958255342,1990,5.114451337011888,2000,5.267924879258417,28,0,1,0,0,0,.7284868,0,8,1.1667,1,29.299999,17,.088888891,1,0,0,0,27,32,38,15,21,95,97,61,77,1,0,0,0,1,0,0,6.909091,0,0,0,0,7.2225661,0,0,0,0,0,0,6.5042882,0,1,0,1.442202,10.903935,47.599998,.99028438,12.346138,0,0,40,.68000001,1,France,France,0,,,Africa,Africa,1,1,1
Thailand,THA,0,0,1,0,0,0,0,0,,,1867,,,,,,1867,,,1941,,,,,,1941,0,0,74,0,0,0,0,0,France,74,0,0,74,1941,1,556.8493457428465,,,,,,,,7.424657943237953,75,5.29073246910705,France,1,6.660162497411749,7.199364986281263,5.303011061731603,7.38822144251301,6.554502916555788,6.86940878313707,.874193221118577,.1309850745042483,.2086368673421614,.4187482998056512,.6993164941071109,.1904172102765339,.2451294153908138,.3012939672973287,2019,East Asia & Pacific,6.90980854197349,7.128850528947151,4.918166146387203,8.585830745211895,7.031041439438941,6.879687062967142,1.307599708576347,,,1955,5.778741001782931,1965,5.751436511268545,1975,5.857026914406815,1985,5.878606421380188,105.1,1,0,0,0,0,.3569488,,15,100,0,,,,,,,,,,,,,,,,,,,,,,,,,,,,,,,,,,,,,0,,1,,,,,,,0,59,.74000001,0,France,France,0,,1,Asia,Asia,1,1,1
Timor-Leste,TLS,0,0,0,0,0,0,1,0,,,,,,,1642,,1642,,,,,,,1975,,1975,0,0,0,0,0,0,333,0,Portugal,333,0,0,333,1975,1,,799.4238419090082,,,,,,,6.344633665944509,126,6.682536344652799,Portugal,1,6.400871217139246,4.642566138364561,3.534558398469561,8.755820616515249,8.474083813088871,6.535542124983502,2.317935968915329,.2929045665816433,.1824918089251513,.3205542261473913,.2286921759274788,.5203009039731306,.6033105746043259,.1271913376691752,2019,East Asia & Pacific,5.920033613445378,4.504363453268204,3.37485649903393,8.717290014127075,7.849822435459964,5.152088655983197,2.270490897479568,,,,,,,2010,6.415212311892871,2015,6.575068285675083,185,,,,,,,,-8.550000000000001,125.5167,0,,,,,,,,,,,,,,,,,,,,,,,,,,,,,,,,,,,,,0,,1,,,,,,,1,25,3.3299999,0,Portugal,Portugal,0,,1,Asia,Asia,1,1,1
Trinidad & Tobago,TTO,0,1,0,0,0,0,0,1,,1797,,,,,,1592,1592,,1962,,,,,,1797,1962,0,165,0,0,0,0,0,205,Spain,205,0,0,370,1962,2,,,889.4597865638879,,,,,,7.871325544813167,113,7.877900648831044,Britain,0,7.193196228951616,6.712119180055568,5.120058014770677,8.767884234670934,7.985943839352484,7.372113067376024,1.412843175908665,.1233938341154627,.3000485606874145,.1885720343220536,.3554977622285258,.1493958280974124,.4549563236259925,.134808857935919,2019,Latin America & the Caribbean,7.219700854700854,6.908650220974015,5.233844461572554,9.255661099778344,7.933302076193101,6.771812818453517,1.491252668314015,,,1975,5.182766039774372,1985,5.291415742045213,1995,7.163709976597575,2002,7.319305094468336,60.3,1,0,0,0,0,.2312698,.055,11,-61,0,35.799999,6.5,.12222222,0,0,0,0,26,35,38,11,16,83,89,61,76,0,0,0,0,0,0,0,7.4545455,0,0,0,0,8.7687302,0,0,0,0,0,442000,4.4426513,1,1,0,.37843648,8.542861,44.5,-.18272163,8.9212971,0,1,38,3.7,1,Spain,Britain,0,,,America,America,1,1,1
Tunisia,TUN,0,0,1,0,0,0,0,0,,,1877,,,,,,1877,,,1956,,,,,,1956,0,0,79,0,0,0,0,0,France,79,0,0,79,1956,1,574.9937402136317,,,,,,,,7.187421752670396,80,7.343794479391645,France,1,6.322259561503438,6.455998312423695,5.158237078234101,6.969100110379339,6.268956934294419,6.754303529162096,.7808029507573753,.156951393287555,.6373301384070212,.2126189620385443,.1453302728094304,.3381106627921125,.2326486871679121,.0933339850530874,2019,Middle East & North Africa,5.940245901639345,5.176545239734794,5.043248633296828,6.713709892096806,6.31208526608262,6.465009642910677,.7745503995529366,,,1970,5.538384586057942,1980,5.571815478931532,1990,5.818011564487044,2000,6.508401726283657,72.59999999999999,0,1,0,0,0,.0702522,.066,34,9,1,.1,99.400002,.37777779,1,0,0,0,24,25,48,-1,11,72,86,40,64,1,0,0,0,0,0,0,6.4545455,0,0,0,0,8.4826021,0,0,0,0,0,198000,4.1431346,0,1,0,2.4598472,11.13252,.49999848,2.6829908,13.592367,0,0,44,.79000002,0,France,France,0,,,Africa,Africa,1,1,1
Tanzania,TZA,0,1,0,1,0,0,0,0,,1912,,1888,,,,,1888,,1961,,1916,,,,,1961,0,49,0,28,0,0,0,0,Britain,49,0,4,73,1961,2,,,372.3220046384065,,,,,225.6826530530592,7.569679211284376,79,7.887395494277882,Britain,1,6.491883335573517,6.910949479291041,5.318197944072572,7.776552899782598,5.927595142018949,6.541806905752106,1.005831588258816,.1951488968848772,.3714934080527619,.1357617173682596,.3110200424408295,.2367398155357938,.6950226921386504,.1228718225190632,2019,Sub-Saharan Africa,6.579954268292683,6.106729595237449,5.350293864056691,8.367456899937803,6.022118462736951,7.034946760081313,1.167187268281644,,,1975,3.857218115805768,1985,3.820204669904672,1995,5.773948928375337,2001,6.218894813536878,67.7,1,0,0,0,0,.8902469,.002,-6,35,1,28.200001,32.5,.06666667,0,0,0,0,22,31,36,8,16,70,84,36,56,0,0,0,0,0,0,0,6.6363635,0,0,0,1,6.253829,0,0,0,0,0,0,5.6347895,0,1,0,.68337792,13.691749,28.099998,-.099381432,14.375126,1,0,39,.76999998,1,Britain,Germany,0,,,Africa,Africa,1,1,1
Uganda,UGA,0,1,0,0,0,0,0,0,,1892,,,,,,,1892,,1962,,,,,,,1962,0,70,0,0,0,0,0,0,Britain,70,0,0,70,1962,1,,,548.6617834040636,,,,,,7.72763075216991,71,7.877900648831044,Britain,1,7.173250894066877,7.719140808914945,4.209920280742144,8.802000027506876,7.371174895018759,7.764003167905928,1.77964135743976,.2386350698313241,.4293057524542503,.2384478379775143,.4531990444179486,.3325522638521826,.5916664797892293,.1093457649718303,2019,Sub-Saharan Africa,7.409680111265646,7.542119962568701,4.469311062415298,9.444009775060101,7.763496761263544,7.835775021106349,1.810286079899909,,,1975,3.196342899197493,1985,2.828435520519108,1995,5.095910673205719,2002,6.832503752072481,91.3,1,0,0,0,0,.8357907,.001,1,32,1,49.599998,6.5999999,.011111111,0,0,0,0,24,29,36,12,15,78,89,54,72,0,0,0,0,1,0,0,4.4545455,0,0,0,0,6.9660244,1,0,0,0,0,0,5.6347895,0,1,0,2.0166545,12.204321,41.900002,1.3880459,14.220976,0,0,38,.69999999,0,Britain,Britain,0,,,Africa,Africa,1,1,1
Uruguay,URY,0,0,0,0,0,0,1,1,,,,,,,1680,1590,1590,,,,,,,1822,1823,1823,0,0,0,0,0,0,142,233,Spain,233,0,142,233,1823,2,,,,,,,,,,0,,,,7.292401118858004,7.010019200815552,5.781034848075261,8.816691205710999,8.165318516197107,6.682199802382579,1.232964614639568,.1392323160569847,.3228985013617064,.0914420785750538,.4501263631686632,.1291599309517509,.3049253754107687,.1159481995304922,2019,Latin America & the Caribbean,7.37954738330976,6.520112589583026,5.839195009719863,9.215943339800917,8.328068004369447,6.983272205728705,1.372986184182644,,,,,,,,,,,43.5,0,1,0,0,0,.0666667,,-33,-56,0,59.5,0,.36666667,0,1,0,0,20,26,43,-4,8,73,89,52,69,0,0,0,0,0,0,0,7,0,0,0,0,9.0312138,0,0,0,0,0,0,4.2626801,1,1,0,-2.210722,12.071455,38.599998,,4.6051702,0,0,177,3.75,1,Spain,Spain,0,,,America,America,0,1,0
United States,USA,0,1,0,0,0,0,0,0,,1607,,,,,,,1607,,1781,,,,,,,1781,0,174,0,0,0,0,0,0,Britain,174,0,0,174,1781,1,,,,,,,,,,0,,,,8.371328058408013,7.440084351371139,7.9068333264941,9.710733328766363,8.107838371574619,8.707969567496871,.8903814210581885,.1735891506272005,.3592182290585607,.3553110273680859,.0872525371606592,.2303988919429575,.2061667709658474,.1453408201425761,2019,North America,8.249649122807018,7.320057746590741,7.644319373950061,9.747902925458884,7.829948523856341,8.682215813160164,.9796016950004109,,,,,,,,,,,107.3,1,0,0,0,0,.2090314,.8070000000000001,38,-97,0,30,.80000001,.42222223,0,0,0,1,27,32,37,15,21,62,70,59,68,0,0,0,0,0,0,0,10,0,0,0,0,10.21574,0,11,6,11,13,95700,2.7080503,1,1,0,-2.4378936,16.03026,25.600002,-3.1310408,13.592367,1,0,219,1.74,0,Britain,Britain,0,,,America,America,0,1,0
Venezuela,VEN,0,0,0,0,0,0,0,1,,,,,,,,1534,1534,,,,,,,,1820,1820,0,0,0,0,0,0,0,286,Spain,286,0,0,286,1820,1,,,,,,,,,,0,,,,4.020402148614923,4.999224852028678,2.91327099310394,3.653666325115253,4.342931972507467,4.167415942712031,1.13283449881393,1.030723530644449,.590746655704,.4793967542200102,1.995146839779705,1.665708974562599,1.172218685513718,.3817240102968938,2019,Latin America & the Caribbean,2.871351351351351,4.338019232584904,2.441899995265111,.9449345936218932,4.090400424566122,2.517154946360596,1.383658361101417,,,,,,,,,,,63.4,0,1,0,0,0,.0525,.081,8,-66,0,94.800003,0,.088888891,0,1,0,0,20,28,33,7,12,78,84,60,63,1,1,0,0,0,0,0,7.1363635,0,0,0,0,9.0710783,0,0,2,0,0,3040000,4.3579903,1,1,0,-.82098055,13.690004,4.1999969,-1.0784663,12.869023,1,0,180,2.8599999,0,Spain,Spain,0,,,America,America,0,1,0
Vietnam,VNM,0,0,1,0,0,0,0,0,,,1869,,,,,,1869,,,1951,,,,,,1951,0,0,82,0,0,0,0,0,France,82,0,0,82,1951,1,597.9354722066863,,,,,,,,7.204041833815498,83,6.50604615207216,France,1,5.953157017086659,6.244137849636159,4.920385870383209,6.053313316935168,5.98301559792361,6.565142600672653,.6925441512151792,.2347747989461993,.4609102303238448,.2000649905287135,.5421473605035169,.3137869672254658,.2590284267907959,.0902849867217999,2019,East Asia & Pacific,6.400031104199067,6.955222509513981,4.983863562257178,6.892634626517308,6.183880807052288,6.983588253292647,.8578586632221376,,,,,,,,,,,205.4,0,0,1,0,0,.1176471,,16,106,0,3.9000001,1,.17777778,1,0,0,0,25,33,43,6,22,74,83,67,76,0,0,0,0,0,0,0,6.409091,0,0,0,0,7.2793188,0,0,0,0,0,7140,4.9416423,0,1,1,1.8155707,12.693087,94.900002,.89928001,14.508657,1,0,49,.81999999,0,France,France,0,,,Asia,Asia,1,1,1
Yemen,YEM,0,1,0,0,0,0,0,0,,1879,,,,,,,1879,,1967,,,,,,,1967,0,88,0,0,0,0,0,0,Britain,88,0,0,88,1967,1,,,696.6276207422123,,,,,,7.827276637552948,89,7.791097387763681,Britain,1,6.069285236638857,7.741269312149271,2.879790263372837,8.085912235613893,6.709302013161507,4.9400376685608,2.231082825325258,.257977676514231,.4570587903840416,.2488049358668405,.6314676948411906,.8189719487720835,.7242713642025805,.2279765160137703,2019,Middle East & North Africa,5.719911971830986,8.267794441005819,2.744222234241256,8.726899041937978,5.377538791779919,3.502866745571668,2.712048882213592,,,,,,,,,2010,6.297041010870566,232.3,0,1,0,0,0,.0122,,15,48,0,,,,,,,,,,,,,,,,,,,,,,,,,,,,,,,,,,,,,0,,1,,,,,,,0,33,.88,0,Britain,Britain,0,,1,Asia,Asia,1,1,1
South Africa,ZAF,0,1,0,0,0,1,0,0,,1801,,,,1652,,,1652,,1912,,,,1806,,,1912,0,111,0,0,0,154,0,0,Netherlands,154,0,5,260,1912,2,,,517.7099286727553,,,,,,8.21761791544056,63,8.450047396104981,Britain,0,6.949476885263671,6.489646518010749,6.208495531009245,7.9728479378548,6.720485336667103,7.371881361714929,.7976949614224667,.1949605184266597,.7902312631414443,.23602640880534,.2739908682021146,.2992316658845766,.1296562332234806,.1832561648361749,2019,Sub-Saharan Africa,6.789634146341464,6.143713429719905,5.898829281481251,8.242165341595499,6.502465940368058,7.158977236859185,.9406743371065555,,,,,,,1950,4.433364180090614,1955,4.924351086240167,176.1,1,0,0,0,0,.8309818,.099,-29,24,1,10.4,1.3,.32222223,0,0,0,0,19,29,39,-2,7,71,91,54,67,1,0,0,0,0,0,1,6.8636365,0,0,0,0,8.885994,0,47,4,0,2,0,2.74084,0,1,0,-.71052861,14.015214,49.299999,-1.4036758,13.304685,1,0,88,2.6500001,1,Netherlands,Britain,0,,,Africa,Africa,1,1,1
Zambia,ZMB,0,1,0,0,0,0,0,0,,1900,,,,,,,1900,,1964,,,,,,,1964,0,64,0,0,0,0,0,0,Britain,64,0,0,64,1964,1,,,497.1015297826471,,,,,,7.647715842809956,65,7.844123323367317,Britain,1,7.000551607983901,7.412069343999538,5.284699897838933,8.319130167377644,7.387456909390234,6.587437556887968,1.1806891779077,.2107525914773707,.3889613500860468,.1677077461024085,.6583388920306205,.2237541371239105,.3241714342674404,.1705317157169031,2019,Sub-Saharan Africa,6.949406392694065,6.578045118578697,5.014693054469729,9.028392898105084,7.691994668709615,6.454840997785764,1.499929532616398,,,1975,4.24602342414473,1985,3.820588758947237,1995,4.63419204613556,2004,6.802512825763722,53.3,1,0,0,0,0,.8293977,.027,-15,30,1,26.200001,.30000001,.16666667,0,0,0,0,21,28,38,4,14,39,85,19,71,1,0,0,0,0,0,0,6.6363635,0,0,0,0,6.8134446,1,0,0,0,0,0,,0,1,0,-.2357223,13.518976,41.599998,-.92381895,13.283254,1,0,36,.63999999,0,Britain,Britain,0,,,Africa,Africa,1,1,1
Zimbabwe,ZWE,0,1,0,0,0,0,0,0,,1900,,,,,,,1900,,1975,,,,,,,1975,0,75,0,0,0,0,0,0,Britain,75,0,0,75,1975,1,,,583.1319389786261,,,,,,7.672788670771395,76,7.564670075071045,Britain,1,4.824652799198347,6.031592423204177,3.827441041506668,4.512940939415572,4.57687325075455,5.001831835280058,1.367789869247104,.9402442262598711,1.00041462186022,.2471110824047789,2.330845407542684,1.624419802344016,.8767615869897636,.3108751383436325,2019,Sub-Saharan Africa,4.719465478841871,5.62835906813467,4.026567604230711,1.413371563980418,6.397045156031394,6.132582540383366,2.064438502745443,,,1985,4.790320976413781,1995,5.990990671509633,2005,3.450021402103493,2015,6.449594906009498,119.4,1,0,0,0,0,.5986364,.042,-20,30,1,14.4,.89999998,.22222222,0,0,0,0,18,26,35,0,9,43,77,26,57,1,0,0,0,0,0,0,6,0,0,0,0,7.6962128,0,0,0,0,0,0,,0,1,0,-.2357223,12.865792,63.299999,-.92381895,12.63007,1,0,25,.75,0,Britain,Britain,0,,,Africa,Africa,1,1,1
